Part Number,Total Sales After Target
VFA842,4800
EOF073,3964
CTY11170,3200
EAF1032,2478
EOF236,2052
CMZ11414,1634
EOF249,1442
EKF185,1350
EOF337,1341
EKF422A,1262
ADB22214,1194
EAF858,1119
LVXL177,1004
LVEB499,1000
CMB12399,960
LVFL751,906
EAF977,902
EAF764,880
EOF005,833
EAF848,822
LVCF587,818
EOF265,800
CSL7041,786
VFL486,700
CTY12190,654
CMB11341,633
EKF185A,630
EAF966,610
VFA1058,600
EKF415,600
LVBW1226,600
EKF118A,595
LVFF776,594
ADB02143,576
EKF191,570
CHY11001,520
EKF184,506
EAF991,495
VFF542,488
VSL693,462
EAF783,458
EKF151,444
LVXL1313,444
CHN11675,440
EAF1005,438
EAF501,432
LVFL800,430
VFL332,405
EAF813,404
LVBW1646,400
EKF376A,392
EOF261,391
EAF849,373
CMZ11431,369
EFF149,355
EAF780,350
EOF263,350
EFF235,330
CSL7002,326
EKF170,322
VFL305,305
EKF328A,305
LVBW1004,302
EAF818,302
EAF714,301
EOF280,300
EOF294,300
EKF126,300
VFL481,300
EAF745,294
CIZ12015,285
VSL890,280
EOF195,280
VBU501,280
CRB3015,265
CBC001L,264
CBC001R,256
ADB01552,252
LVCF511,250
CBP36083,239
CTY12230,223
VFF555,220
VFL521,220
EKF388A,216
VFL545,212
LVCF609,210
VFL518,210
VOL184,206
ECK020F,202
CSL7016,202
CRB3013,202
VFA1071,200
CDH11631,200
CTY11110,200
LVXL257,200
LVFL761,200
EAF402,200
LVFL775,200
LVCF579,200
LVFL759,200
CMZ12680,200
EKF400,198
LVFF702,187
EOF254,186
VFL555,182
EFF354D,181
LVBW726,180
EFF135,180
EFF193,180
EFF196,180
VFL438,172
EKF203,171
CSL7020,170
LVBW710,170
EAF1018,170
EKF323A,168
CBP31551,164
LVFF695,162
EKF101,162
EAF1007,161
VCF212,161
CBJ7001,160
EAF853,160
EOF304,156
EOF285,156
LVSA1146,156
CTY11141,154
EAF807,152
CSL7008,150
EKF304A,150
LVCF570,150
LVBW503,148
CSL7003,145
CTR3013,144
EFF229,144
EAF546,144
EKF370-2,143
LVBW15,140
VFL287,135
CSL7027,133
EAF909,132
EAF1017,131
CNS13017,130
CHN12860,130
CRB3014,126
CTR3010,126
CBJ7011,125
EAF1011,125
CTR3011,124
CTY12188,122
EFF305D,121
VFF307,121
LVBW229,120
LVSA1145,120
EAF829,120
CBC041L,119
CBC009R,119
EKF220A,117
EFF322D,115
CTR3017,114
VFA744,113
CTR2004,112
CSL7250,111
CTR3003,110
CSL7004,110
CSL7028,110
CHA077,110
CBC004R,109
ECK228F,108
LVBW1723,108
EKF246A,108
VOL304,108
CBC009L,106
EAF1025,106
VFF429,106
EAF920,105
EFF278D,105
CBC041R,104
VFL505,103
EAF560,103
CTR2000,103
EAF938,103
CNS13017DV,102
EKF404,101
EAF838,100
VBU472,100
VFF422,100
LVEB380,100
LVEB382,100
LVFF720,100
EKF344,100
CTR2043,100
EOF262,100
LVCF595,100
EOF242,100
EOF023,100
VSP425,100
CHA050,100
CBJ5001,100
CBJ7005,98
CBC003R,96
CTR1000,96
CTR1043,95
EFF256,95
LVCF536,95
EAF937,94
EKF460A,94
CBC003L,94
ADC1499,94
CBJ6000,92
CBJ5000,91
VFA1080,90
ADB02199,90
VSL711,89
VBC154L,89
CBC004L,88
CCA2003,88
CTR1004,88
LVFF737,88
CBJ7009,87
LVSL1405,86
EFF070,85
LVSM1000,84
LVFF733,84
EAF998,84
VFF354,82
EAF879,82
CBC026R,82
CBJ6001,82
LVCF572,81
CBP32161,81
EAF774,80
LVBW1172,80
EKF199,80
LVCF659,80
VCF222,80
VOL421,79
CSL7055,78
VSL723,78
EFF269,78
CBP01127,78
EAF847,77
CSL7001,76
EKF197A,75
VBC110L,74
EAF259,74
EFF152,73
ADC1518V,72
LVSK841,72
CSL7000,72
ADC2982V,72
CBP32259,72
LVBW839,72
CBP31798,72
CBJ7023,70
CBC026L,70
EAF978,70
VSL944,70
CTR3041,69
EOF347,68
EKF422,68
CBP32016,68
ADC5092V,68
ADC1407V,67
CSL7005,66
LVFL788,65
ADC0477,64
CSL7077,64
CHA048,64
CBJ7042,62
CSL7043,62
CTY12090,62
EFF274D,61
EAF689,61
LVFL822,60
CTY12147,60
EOF238,60
EFF225,60
CBJ7022,58
CBJ7000,57
CBJ7003,57
ADC1414,56
VBC101L,55
VSL664,55
VFF458,55
EFF250D,55
EAF944KIT,55
VSPY7,54
VTR1211,54
EFF279D,53
EAF1013,53
EFF288D,52
EKF408,52
LVCF576,52
CCA1006,52
CHA045,52
CBC012L,52
CBP01598,51
CSL7082,51
EFF375D,51
EKF306,51
CHA014,51
CBJ7002,51
LVCF537,50
VFL524,50
ADC3009,50
CSZ12000,50
ECK011,50
EAF646,50
LVFL803,50
LVFA1503,50
LVFF726,50
CTR2032,50
LVFL752,50
CCA3006,50
LVFL840,50
LVCF510,50
VFF498,50
LVXL1015,50
VFL451,50
LVXL1808,50
LVCF552,50
EKF163A,50
VFF516,50
ADC1497,50
LVCF573,50
LVBD1252Z,50
VFL511,50
VFL541,50
VFL367,50
LVXL530,50
LVSK608,50
CTR1035,50
LVFL804,50
CTR1032,50
LVCF619,50
LVFF691,50
VBC101R,49
LVSA1384,49
VFF562,49
VOL441,48
CSL7119,48
CBJ7012,48
ADC1503,48
EKF419A,48
CBC095R,47
CBJ7093,47
CBP0511,46
CSL7030,46
EAF868,46
CTR2003,46
EAF957,46
LVSJ1076,46
CTR1003,46
ADC01149,46
LVBW1613,45
CBP12158,45
CBJ7075,45
ADC2907V,44
VTR1210,44
CCA2006,44
ADC2727V,44
CBJ7060,43
ADB32419,43
LVSA1410,43
ADC1770V,43
EFF192,43
CBJ5002,43
CSL7296,43
CTR3018,42
CBC095L,42
VCF148,42
LVBD1546,42
VFL262,42
EOF306,42
LVBW65,42
LVSL1358,41
VFA68,41
VFA1135,40
CBC007L,40
CBC043L,40
LVBW1271,40
CHA042,40
CBJ6002,40
CBC012R,40
LVSA1382,40
LVBW1061,40
VSP1026,40
EFF344D,40
EFF359D,40
LVXL1006,40
CBP02156,40
VSL732A,40
VSL688A,40
ADC0923V,40
LVBW303,40
VFL370,40
EOF256,40
VFL363,40
LVBW1300,40
LVFA1574,40
LVSL1177,40
LVBW1301,40
CBP31676,40
LVCF621,40
LVBE255,40
CTR1001,39
CTR2035,39
VFA1185,39
VBUH8,39
LVSA1411,39
VSL787,39
CBC043R,38
CBP32023,38
VBC458L,38
CBP36009,38
CBP01719,38
EFF330D,37
CTR3124,37
CHA094,37
CBJ7028,37
VBC173L,37
CTR2001,37
CBP02149,37
VSL742,36
LVSA1381,36
EKF320A,36
ADB01323,36
CTY12187,36
EOF305,36
VSL708A,36
VSL930,36
CBJ7017,36
LVCF520,36
EKF414A,35
ADC1456V,35
CBC007R,35
CBP06092,35
LVCF571,35
CBJ7234,35
LVBD1205Z,35
CTY12072,34
CCA2007,34
VSL737,34
CBJ7007,34
ADC2804V,34
LVXL1789,34
ADC0473V,34
CTR2005,33
EOF325,33
EKF195,33
VTR1171,33
LVSA1377,33
EAF910,33
VBC110R,32
EAF972,32
CTR3042,32
LVFA1722,32
CTR3036,32
VBC154R,32
LVBW1259,32
CBC013L,32
CBC013R,32
EKF436A,32
CBP12106,32
ECK228-SK,32
VBC173R,32
ADC2724,32
CBC074L,32
CBC033R,31
CBC055R,31
CBC055L,31
CBC074R,31
LVTR1701,31
VBC116L,30
EFF280D,30
CBJ7102,30
LVSA1390,30
LVXL1370,30
VSL924,30
EAF1037,30
EAF1052,30
VFL471,30
CHY12255,30
EAF582,30
VSL710A,30
EOF322,30
VSJ957,30
ADC1657V,30
LVFA1575,30
EKF273A,30
ADC4080V,30
EAF837,30
LVXL1425,30
ADB11037,30
LVFF790,30
VBC458R,30
LVXL1878,30
VSL741,30
CBK224,30
VSP692,30
EKF117,30
EFF376D,30
LVXL1213,30
LVFA1505,30
VFF539,30
LVXL1876,30
CBC033L,30
EKF327A,30
LVBD1212Z,30
LVXL1141,30
EFF058,29
VFL186,29
VFF561,29
CRB3017,29
CTR3086,29
LVSL1517,29
CRB3222,29
CNS41170CK,29
VBC144L,29
LVSA1422,29
EFF253,28
CBP32276,28
LVSL1168,28
ADC1431V,28
CBP32529,28
ADC5020V,28
CBC103L,28
VTR1172,28
CBP31201,28
CBP36044,28
EFF226,28
CBP32040,28
CBK010,28
CBC191L,28
CTR3019,28
CCA1007,28
CBJ7236,28
VFL355,27
ADB32232,27
CSL7079,27
CTR2039,27
VBC142R,27
VBC137R,27
CBP32353,27
CSL5054,27
CBC011L,27
CBC011R,27
CBC002R,26
VBC142L,26
LVSK1220,26
CTR3004,26
CTR2008,26
CRB3049,26
LVBE143Z,26
VBC221R,26
VBC509R,26
CBP31661,26
VSL762,26
EOF296,26
CSL7045,26
CSL6054,25
VBC221L,25
LVBW55,25
VFL220,25
LVFA1673,25
CBK248,25
VCF197,25
LVSA1378,25
CTY11172,25
CBP02131,25
VFL539,25
EFF263D,25
LVFF838,25
LVFF744,25
LVSA1389,25
CSL7091,24
CHA410,24
LVFA1544,24
CSL7292,24
VSA731,24
CSL7220,24
EKF106A,24
CBP3942,24
CBC017L,24
CHA056,24
ADC1673V,24
ADC2613,24
EAF719,24
CBP01613,24
EOF171,24
VFL330,24
CTR2045,24
EAF729,24
ADC2416V,24
CCA1084,24
CBK017,24
ADC2515V,24
CBP31519,23
LVBD1301Z,23
LVXL1788,23
VSA706,23
CTR1045,23
VBC137L,23
CTR3043,23
VBC455L,23
VBC194L,23
CBC017R,23
CBK024,23
CBP0826,23
CTR1015,22
CBC191R,22
ADC1671V,22
VSA1216,22
LVFA1557,22
ADC1417V,22
VFA1221,22
CBP16022,22
CHA047,22
EAF070,22
EOF067,22
LVSA1383,22
LVBW1217,22
VSL672,22
ADC3015,22
CTR1002,22
ADC1243V,22
CBC063L,22
CBJ7129,22
ADC1519V,22
CRB1003,22
LVSL1193,22
CBC103R,21
LVCF575,21
CBK004,21
CBC010R,21
LVSK1352,21
VSL931,21
EAF616,21
LVTR1977,21
VSK696,21
CSL7096,21
CBC051R,21
CBC051L,21
CTR1005,21
CBP01118,21
CSL7026,21
LVSA1421,20
EAF796,20
LVFF706,20
ADC2844V,20
CHA073,20
VSJ924,20
VSJ928,20
LVBW1086,20
CRB3234,20
LVBW11,20
LVSL1254,20
EAF406,20
VFA1164,20
LVBW1175,20
LVFF683,20
CCA3002,20
ADC2924V,20
LVBW1234,20
LVBW1237,20
VFL516,20
LVXL1072,20
VSJ929,20
LVBW1256,20
LVBW1124,20
CTR2006,20
VFL512,20
LVXL1877,20
LVXL1640,20
LVXL1890,20
LVFF700,20
VSA1062,20
LVBD1906,20
LVXL1423,20
LVXL1345,20
LVBD1698,20
CTR2015,20
CTR3022,20
VBUH15,20
LVBD970Z,20
VSP685,20
LVFA1625,20
CTR3008,20
VFA1033,20
LVXL1744,20
VFF387,20
VFA1168,20
LVFA1516,20
VFF378,20
VFL109,20
LVBE285Z,20
VBU9006,20
LVXL1299,20
CCA2008,20
VSJ649A,20
LVXL1626,20
LVFA1496,20
CSL5039,20
VSA730,20
EAF489,20
LVFF742,20
ECK220,20
VTR1174,20
ADC0295V,20
VFF533,20
EKF349A,20
VTR1173,20
LVCF577,20
LVFF750,20
VFA982,20
VSL736,20
VFA839,20
LVCF522,20
CSL7019,20
LVCF558,20
VCF344,20
EKF438,20
CBP02318,20
VCF355,20
VSL722,20
LVFF734,20
CBP02345,20
VSK609,20
EKF210,20
LVBW1587,20
CRB3140,20
VBC144R,20
CSL7085,20
VFA925,20
ADC01147V,20
VFA920,20
CBP32773,19
CCA2078,19
VBC140L,19
LVSK1210,19
EAF712,19
CBJ7088,19
CRB2003,19
CBJ7027,19
CCA1135,19
VBC150R,19
CBC100L,19
CBP11311,19
VCT116,19
CTR3177,19
CBP32202,19
CBP0984,18
CBP02319,18
CBP32038,18
CBP32194,18
VBC467L,18
CBP0404,18
VBC457L,18
CRB3028,18
EFF241,18
CBP31154,18
CTR3014,18
CBP21555,18
ADC1626V,18
EAF805,18
CBP31768,18
LVSK1291,18
CBP31714,18
CBP01209,18
CTR2089,18
CBP31584,18
CBP3912,18
ECK150,18
CBP02124,18
ADB01629,18
ADC0553V,18
CBP01515,18
LVBD1338Z,18
CBP31576,18
EAF718,18
CBP31572,18
CBP32858,18
CBJ7125,18
CHA086,18
CSL5022,18
CRB3087,18
CCA3007,18
ADC2419,18
ADC1645V,18
CBP3172,18
EKF176A,18
CBP02267,18
ADC2732,18
CRB3090,18
EAF1010,18
CBP3935,18
CBP3922,18
CBP3253,18
CBP32024,18
EKF175A,17
CBP31795,17
CBC019R,17
CBC037R,17
ADC1240,17
VFA1203,17
LVCF604,17
CTR1036,17
CHA083,17
CHA054,17
VFA903,17
CBJ7026,17
VBC387R,17
CBC019L,17
CRB3005,17
CHA040,17
CHA017,17
VBC207R,16
EAF1061,16
EAF749,16
CSL7328,16
CTR3100,16
EAF513,16
CTR2036,16
VBC268R,16
CBP11224,16
EFF382D,16
VCF173,16
CSL7017,16
VBC509L,16
VBC421L,16
CBJ7035,16
VBC490R,16
EFF251D,16
CTR3002,16
CTY12250,16
VBC686L,16
CSL7037,16
CBJ7025,16
CBC309R,16
CSL6022,16
VSJ862,16
CBJ7096,16
CCA2073,16
LVBW1724,16
ADC1582V,16
CBC002L,16
ADC1408V,16
LVBW1341,16
ADC1260V,16
ADC1168V,16
ADC1761V,16
VFA319,16
LVBD1849,16
ADC5094V,16
LVSJ1161,16
LVSL1511,16
ADC1089V,16
LVSL731,16
LVFA1522,16
ADC2983,16
CHA432,16
CHA072,16
CCA1008,16
LVSA1472,15
LVCF582,15
VBC256R,15
VBC490L,15
CHA018,15
VBC256L,15
LVFA1434,15
VCF414,15
CBP02220,15
VFA56,15
VBC245R,15
VFA831,15
VFF541,15
VOL400,15
EOF346,15
CBC010L,15
CBP01581,15
LVCF546,15
LVXL1007,15
CCA2084,15
VFA616,15
VBC477R,15
VSJ728A,15
VBC477L,15
VSJ727A,15
VTR987,15
LVSA1619,15
LVFA1506,15
CBC122L,15
EAF869,15
LVSL1524,15
EAF1002,15
CBC100R,15
EAF782,15
CRB3023,15
VBC418R,15
VFL526,15
CBC309L,15
CCA2033,15
EAF995,15
LVSA1471,15
VSA1214,15
CHA021,15
VBC207L,15
EWP454,15
VFL525,15
VFL482,15
CSL7032,15
LVFF722,15
CTR1079,15
VFL500,15
VFL499,15
VTR1039,15
VBC604L,15
VFL498,15
LVFA1718,15
VBC150L,15
VFA1200,15
LVFF716,15
VBC146R,15
CBJ7148,15
VBC146L,15
CTR1008,15
VFA1199,15
VFL390,15
CBC045L,15
CBJ7056,15
LVXL1791,15
VFL340,15
VFA1065,15
VBC604R,15
VSJ951,15
VFF470,15
VBC184L,15
VBC120L,14
ADB02335,14
LVTR1838,14
CBC122R,14
ADC1105V,14
CBC198R,14
CBK020,14
VFL517,14
ECK477,14
CTY12185,14
CSL7145,14
LVXL1751,14
EFF140,14
ADC0370V,14
LVSA1438,14
EKF368A,14
CTR3000,14
LVFL741,14
ADC01140V,14
CHA075,14
ADC1467,14
CBJ7073,14
EAF328,14
VBC688L,14
LVSK1240,14
CBC099R,14
ADC1163V,14
VFA15,14
VBC272L,14
CSL6002,14
CBK036,14
VBC529L,14
CNS41004CK,14
CBK211,14
ADC1670,14
ADC1410V,14
CBK027,14
ADC1451V,14
CRB3209,14
VBC147L,14
CRB3330,14
CBK274,14
VBC167R,14
CHA016,14
CTR2013,14
LVSA946,13
CRB3007,13
CRB3011,13
CBC027R,13
CHA107,13
CBC045R,13
CSL7071,13
CBP01715,13
VBC184R,13
CBC037L,13
VSK668,13
LVSA2039,13
VBC387L,13
CBK223,13
ADC1138V,13
CTR3091,13
CTR3155,13
EAF561,13
LVBW1323,13
CTR3012,13
CBK047,13
CBK072,13
CCA3009,13
LVFF725,13
CBP01036,13
ADC1603V,13
EKF457A,13
CBJ7074,13
CBJ7051,13
LVFL782,13
EAF079,13
VFL385,13
ADC1465V,12
VFL564,12
ADC01158V,12
ADC0289V,12
CBP02346,12
CHA249,12
VBC566L,12
CBC027L,12
VBC590L,12
LVFL821,12
CTR1039,12
VBC590R,12
CBC029L,12
CTR1024,12
VFA1220,12
VBC167L,12
VBC245L,12
ADC1272V,12
ADC1206V,12
CTR1078,12
VBC156R,12
CCA2171,12
VBC149R,12
LVFL797,12
ADC2984,12
ECK181,12
CTR3065,12
CBK295,12
CHA088,12
VBC346L,12
VBC346R,12
ADC2803V,12
ADC2730V,12
ADC5013V,12
ADC2513V,12
EAF815,12
ADC1922,12
ADC1916V,12
CSL7165,12
CHA142,12
VSJ592A,12
ADC5075V,12
CSL7189,12
ECK206,12
VBC409L,12
LVCF661,12
VFA755,12
VBC455R,12
CSL7241,12
CSL7246,12
VBC268L,12
VBC484L,12
VBC487L,12
LVCF588,12
VBC488L,12
VBC488R,12
VBC255R,12
VBC255L,12
LVSJ1097,12
ADC5049V,12
CSL5052,12
CRB3027,12
LVBD1356Z,12
LVSL1393,12
LVBW1032,12
CBC175L,12
VBC134R,12
VBC107R,12
VSL905,12
CSL7013,12
LVSL1162,12
LVBW1357,12
VBC114L,12
LVSJ1166,11
LVSA1847,11
LVSK931,11
CBP02365,11
CSL6000,11
VBC198R,11
VBC120R,11
CBC029R,11
CTR1006,11
VBC163R,11
ADC1455V,11
LVSL1499,11
VTR1189,11
CBK009,11
CTR3020,11
CHA128,11
CTR3090,11
VBC516L,11
CSL7006,11
CBC108L,11
LVSA1402,11
CHA062,11
CHA059,11
LVFA1465,11
CTY12183,11
CBC068R,11
EKF158A,11
CBJ7067,11
LVSJ1136,11
ECK482,11
LVFL777,10
LVCF674,10
LVSA1003,10
ECK005,10
LVFA1632,10
LVFA1621,10
LVFA1620,10
LVCF644,10
CBJ7057,10
CTR3023,10
VFA1018,10
EOF355,10
VBC557R,10
VSL875,10
VBC557L,10
CBJ7126,10
CBP01712,10
VFA979,10
EOF338,10
EKF206A,10
LVFA1581,10
ADC5055V,10
CTR3088,10
ADC5031V,10
EAF820,10
VBC519R,10
LVCF601,10
VBC282R,10
LVSL949,10
VFA1030,10
LVSA1794,10
LVSL1171,10
VBC118L,10
LVXL1116,10
VFF502,10
VTR1200,10
VFL531,10
EKF127A,10
VTR1201,10
LVFL846,10
VSJ863,10
CBP02126,10
VBC566R,10
ADC1501,10
VSL658A,10
CRB3298,10
EFF092,10
CBK012,10
VBC273L,10
VBC273R,10
VSPY19,10
CCA3035,10
ECK071,10
ECK066,10
LVFA1638,10
CTR3126,10
VCF250,10
VBC510L,10
VFA835,10
CBK265,10
LVSM1004,10
LVXL1803,10
VFL344,10
ADC2915V,10
CTSM9011,10
VSJ1004,10
CBJ7099,10
VBC366R,10
LVFA1450,10
VSJ467A,10
VSL887,10
CBC280R,10
LVBW338,10
ADB02774,10
VSJ717A,10
LVSJ1132,10
LVBW1739,10
VSJ739,10
CTY41213CK,10
CSL7137,10
VSJ871,10
VBC357L,10
LVTR1422,10
ADC2603V,10
EAF368,10
CTRE2141,10
VFF569,10
VBC475L,10
ADC4075V,10
VFA1121,10
ADC4052,10
LVBW1385,10
ADC4014V,10
LVXL296,10
VCF256,10
VFF189,10
EAF698,10
LVSL981,10
VFF188,10
EOF224,10
CTRE2137,10
VSL918A,10
LVTR1615,10
LVTR1614,10
VFL346,10
LVBW1663,10
EAF584,10
CBC108R,10
CBC109L,10
VFF566,10
CHA035,10
VSJ936,10
ADC9003V-HD,10
VFA1000,10
VSJ864,10
ADC1041V,10
LVFF718,10
VFL430,10
VSL935,10
ADC0277V,10
VSL996,10
VBC217L,10
CBJ7294,10
CTR1089,10
CBC030L,10
LVBD968,10
LVSJ900,10
CSL7034,10
VBC222L,10
CBC025L,10
ADC1096V,10
VBC222R,10
ADC1078,10
VSL934,10
VFL436,10
VBC214R,10
CBC218L,10
VBC199L,10
ADC0274V,10
VBC198L,10
VBC202L,10
VFA1072,10
LVCF502,10
VFA1141,10
VCF150,10
LVXL1387,10
EFF374D,10
LVFL798,10
VBC193R,10
VSL997,10
VCF419,10
VFL304,10
EWP503,10
ECK257,10
VBC163L,10
CBP02295,10
VCF218,10
LVCF565,10
CCA3015,10
CBP02316,10
LVCF574,10
VBC148L,10
CRB3342,10
CBP06003,10
ADC1473V,10
CBC005L,10
LVFL791,10
LVSL1160,10
LVXL1752,10
VFA906,10
LVBD1630,10
CBC359L,10
ECK180,10
LVFL808,10
VBC199R,10
VBC794L,10
EWP366,10
LVCF549,10
LVBW936,10
LVXL1749,10
LVFF756,10
LVSJ935,10
VBC238L,10
CBC198L,9
CCA2020,9
LVSA2038,9
ADC2614V,9
CBK225,9
CBJ7135,9
LVSM1005,9
CBC136R,9
CBC136L,9
CBC121R,9
VSA309,9
CBC048R,9
VSA310,9
LVSK1275,9
ADC1123V,9
CBC038L,9
CSL7132,9
LVBD1633,9
CSL7129,9
VBC147R,9
VSJ933,9
VBC149L,9
CBC121L,9
CSL7185,9
CTR2078,9
VFF538,9
CBC022L,9
CBC008R,9
ECK246F,9
LVBW1251,9
LVCF600,9
LVSA1777,9
CBC046L,9
LVTR1919,9
CSL7046,9
LVSA1720,9
CBJ7176,9
CHA172,9
CBC063R,9
LVSA1105,9
CBC251R,9
VSL689A,9
CBK035,9
CBC175R,9
LVSA1776,9
EKF107,9
ADC1561V,8
VWP876,8
CSRM3075,8
CTSM9044,8
CTSM9115,8
LVBD1537,8
CSL7190,8
ADC01155V,8
ADC1009,8
ADC1008V,8
CRB3258,8
ADC1908V,8
VBC737R,8
VSJ814,8
CS18,8
CBC251L,8
CCA2218,8
CSL6083,8
LVBD1316,8
VFA111,8
LVBE385,8
ADC2412V,8
LVSA1379,8
CBC120R,8
VSJ720,8
ADC1449V,8
LVBE283,8
CTR2024,8
LVBW1082,8
LVBE260,8
VBC688R,8
CBK005,8
VBC405R,8
VBC529R,8
CBK111,8
CTR3059,8
CTR3082,8
LVBD1692,8
VBC794R,8
VBC484R,8
CCA2348R,8
VBC487R,8
VBC516R,8
CSL7195,8
ADC01134V,8
CTR3260,8
VBC513R,8
ADC0266V,8
CBK045,8
VSA1118,8
LVBW1348,8
ADC1164,8
CBK130,8
CBJ7145,8
CBK180,8
ADC1112V,8
CCA2383R,8
ADC1585V,8
ADC1101,8
VBC510R,8
VSA707,8
ADC1586,8
CTR1115,8
CDW12101,8
ADC1245V,8
LVBW1170,8
VBC444R,8
ADC1616,8
CTR3044,8
LVBD732Z,8
LVTR1951,8
CTR3056,8
VBC447R,8
LVFF715,8
CSL7158,8
ECK118,8
LVCF566,8
CBC099L,8
VBC114R,8
EAF1053,8
ECK484,8
EAF860,8
EAF859,8
EAF1058,8
ECK479,8
ECK476,8
VBC217R,8
CBC022R,8
CBC359R,8
ECK283,8
CBC025R,8
CBP01221,8
EAF793,8
VBC148R,8
VBC197R,8
CHA113,8
CHA112,8
VBC195L,8
LVSL955,8
VBC128R,8
ECK402,8
CBC030R,8
LVSA1464,8
ADC3010,8
VBC179L,8
ADC3003,8
CHA159,8
ADC2922V,8
ADC3002,8
LVSL1478,8
VFF544,8
CBC048L,8
VBC253L,8
VBC274R,8
CBC050R,8
VBC274L,8
VBC272R,8
LVTR1415,8
ADC2616V,8
VBC287L,8
CHA052,8
LVSA1721,8
ECK149,8
VBC350R,8
VBC262L,8
ADC9051V,8
VBC107L,8
EAF974,8
EFF068,8
CHA104,7
VSA1215,7
VBC195R,7
EAF674,7
CSL7408,7
CTR1019,7
LVTR1642,7
ECK332,7
CBK011,7
CTR2101,7
LVSA1463,7
CCA1253,7
LVSL1159,7
CSL5110,7
CBK021,7
LVSA1657,7
VBC306L,7
CBP0905,7
CHA029,7
VBC314R,7
LVBD994Z,7
CCA1073,7
VSL740,7
EWP177,7
LVCF628,7
CCA1383L,7
CHA217,7
CCA1020,7
CBP2485,7
ADC5029VL,7
CBJ7177,7
CBK044,7
CBC005R,7
CHA219,7
VBC357R,7
CTR1013,7
CBJ7050,7
CBJ7008,7
LVTR1484,7
ADC1827V,7
CSL7196,7
EKF336-2,7
LVFA1447,7
VSJ925,7
CBC124R,7
CBC042L,7
VFL101,7
CHA299,7
CBC042R,7
CBC124L,7
CBC123R,7
CBC046R,7
CSL5011,7
VBC352R,7
LVTR1426,7
LVSJ1222,7
CBJ7098,7
LVSM1003,7
LVBW1599,7
CBK208,7
CTRE1141,7
VBC156L,7
CBC109R,7
LVSK1273,7
LVFL795,7
LVBD1694,6
LVSK932,6
VBC264R,6
LVCF581,6
EWP204,6
CHA276,6
CSL7021,6
VSL805,6
VBC122L,6
CSRM3078,6
LVBD1605,6
VBC119L,6
CBJ7322,6
VBC238R,6
CBC410L,6
ECK487,6
CRB3445,6
LVSA2085,6
CBC008L,6
CHN41038CK,6
VFF534,6
LVSJ1200,6
LVBD1348Z,6
CBP02774,6
EFF273D,6
VCF410,6
CCA2470R,6
CBK008,6
EKF109,6
ADC1493V,6
CCA2253,6
ECK180-CS37,6
EFF207,6
VSL854,6
CHA324,6
LVSK873,6
CBC319R,6
CHA306,6
VBC119R,6
ADC1287V,6
VBC193L,6
LVXL2022,6
CBC385L,6
CBP02354,6
CBC068L,6
ADC0541V,6
LVBD1017Z,6
ADC0559,6
CSL5083,6
ADC0561,6
CBJ7131,6
LVBD1987,6
EFF313D,6
CRB3413,6
VBC197L,6
CBC028L,6
LVSA1983,6
LVSA1913,6
VBC214L,6
EFF292D,6
LVBD1187Z,6
CHA280,6
LVFF847,6
CBC038R,6
ADC1279V,6
VBC161L,6
LVFL792,6
LVBD1611,6
ADC1269,6
CHA235,6
LVFL776,6
LVCF513,6
EFF357D,6
CBC219L,6
VFF517,6
CBP32208,6
VBC215L,6
LVSK1005,6
LVBD468Z,6
CTR1112,6
VSL980,6
CBK257,6
CTSM9109,6
CCA1424L,6
CTR3315,6
EOF179,6
CHA019,6
VBC432L,6
CBK316,6
VBC112R,6
CBC106L,6
ADC2964V,6
CBC280L,6
ADC1844V,6
ADC1733V,6
LVBW1305,6
LVSA1192,6
VTR832,6
VSJ930,6
CBP32772,6
ADC2963V,6
CSL7199,6
ADC5027V,6
ADC3037,6
CRB3112,6
ADC1678V,6
EAF1054,6
EOF187,6
CSL7218,6
VBC333R,6
VBC333L,6
EAF613,6
CTRE1162,6
CBK201,6
ADC1783V,6
CHA095,6
CSL7172,6
ADC3012,6
ADC1775V,6
VBC457R,6
LVSA1138,6
EAF633,6
EAF651,6
ECK092,6
VSA1200,6
EOF056,6
EAF666,6
ADC2817V,6
VBC519L,6
LVFA1423,6
ADC2601V,6
CBC098R,6
LVBW1090,6
ADC2505V,6
VBC306R,6
VSJ784,6
CBK018,6
VSJ806,6
CBK016,6
ADC2612V,6
EFF260,6
LVFA1594,6
VSK720,6
CHA221,6
CSL7075,6
LVFA1651,6
LVSA1380,6
CCA1033,6
CCA2087,6
CTR3001,6
CRB3012,6
CCA1348L,6
CHA155,6
LVTR1911,6
VWC872,6
LVSM1107,6
ADC1677,6
LVSM1116,6
VSL923,6
CHA089,6
LVTR1912,6
VSJ881A,6
CHA118,6
CHA119,6
ADC5047V,6
LVFA1589,6
CSK4000K,6
ADC2409,6
LVTR1946,6
LVTR1451,6
VBC424R,6
EAF327,6
CBK267,6
LVFA1479,6
VBC421R,6
VBC434R,6
VFA818,5
VCF342,5
CSL7159,5
CBJ7101,5
CHA367,5
VFA1158,5
CRB3063,5
CHA345,5
VFF134,5
CBP01035,5
CBP06037,5
VFA50,5
VFF165,5
CHA316,5
VFF121,5
CCA1470L,5
CBK315,5
CBK334,5
VFA29,5
CCA2397R,5
VFA1177,5
CBK030,5
CCA1220,5
CBP01710,5
VFL217,5
VFF460,5
VFA726,5
CHA003,5
VFA1218,5
VFA1010,5
VFL189,5
VFF467,5
VFA734,5
CSL7089,5
VFF113,5
CSL6046,5
VFF105,5
VFA1227,5
CHA275,5
CCA1397L,5
CCA1402L,5
CBP02527,5
VFA1096,5
VFA1094,5
CBP01300,5
VFA59,5
CCA2424R,5
VFF505,5
CBK199,5
VFL301,5
CBP01630,5
CSL7009,5
CBK083,5
CBK079,5
CSL7251,5
CBK061,5
CBP0986,5
VFA648,5
VFA761,5
VBC204L,5
VFA1137,5
CBC357R,5
ECK218,5
LVCF501,5
LVSA2045,5
LVSA2137,5
VBC201R,5
VSL806,5
VBC161R,5
LVSK1197,5
LVSK1198,5
LVSK1216,5
ECK458,5
EOF197,5
ECK483,5
ECK485,5
EFF239,5
EFF277D,5
EFF328D,5
LVSK803,5
VTR1029,5
VTR1028,5
LVSK816,5
LVSK946,5
LVCF550,5
VBC254R,5
ADC9006V,5
ADC9004V,5
LVFA1429,5
LVFA1409,5
LVSA1465,5
LVSA1466,5
CTY41100CK,5
EAF1059,5
ADC5030VR,5
CBC505L,5
EAF552,5
VSJ946,5
VBC319L,5
CBC474R,5
EAF832,5
VTR491,5
VSK695,5
VTR313A,5
ECK051,5
LVCF598,5
LVCF593,5
LVSA1786,5
LVSA1787,5
LVSL1186,5
LVXL504,5
LVFA1442,5
LVTR966,5
CBC219R,5
CBC215L,5
LVBD1538,5
CBC143L,5
LVBW1340,5
LVXL1760,5
LVXL1759,5
LVXL1745,5
LVXL1738,5
LVXL1678,5
LVXL1014,5
LVSL1187,5
LVXL1038,5
LVXL1429,5
LVXL1105,5
LVXL1167,5
LVXL1368,5
LVXL1362,5
LVXL1197,5
LVXL1282,5
LVXL1329,5
CBC174L,5
CBC220L,5
LVTR1766,5
LVTR1538,5
CBC231R,5
LVXL276,5
EOF353,5
EOF354,5
CBC091R,5
EWP147,5
CBC252R,5
EWP173,5
CBC247R,5
LVSL838,5
EWP233,5
CBC244R,5
LVSM1027,5
EWP432,5
EWP449,5
LVTR1243,5
EWP483,5
CBC120L,5
LVXL1956,5
LVTR1443,5
LVTR1463,5
LVTR1506,5
CTSM9056,5
LVCF627,5
LVFA1681,5
CTR1030,5
LVFA1489,5
VFL447,5
VFL480,5
LVFA1495,5
LVSA136,5
CTRE1137,5
ADC1506V,5
LVFA1554,5
ADC1791VR,5
LVSA1137,5
LVFL796,5
CTR1087,5
LVFA1568,5
CTR2002,5
LVFF708,5
LVFA1618,5
CTR2083,5
CTR2112,5
LVFF701,5
CTR3026,5
LVFF692,5
CTR3029,5
CTR3030,5
LVFL771,5
ADC1809,5
CTR3055,5
VBC424L,5
LVFA1473,5
LVFA1457,5
LVFL748,5
ADB3801,5
LVFL765,5
ADB1581,5
LVFL754,5
CBJ7037,5
CBJ7079,5
CBJ7077,5
LVBE362Z,4
LVBE324,4
ADC1237V,4
LVFL856,4
ADC1247,4
VFA1163,4
CCA2158,4
LVSL953,4
LVSL952,4
ADC1256V,4
LVSK852,4
CCA2142,4
LVSL1489,4
LVSK922,4
LVSL1477,4
ADC1328V,4
LVSL1473,4
LVSL1468,4
ADC1277V,4
ADC1283,4
LVSM1050,4
CCA2128,4
LVSL1446,4
LVSL1389,4
ADC1285V,4
CBP32359,4
ADB12028,4
ADC1286,4
CBC091L,4
LVSL1255,4
LVSM1033,4
LVTR1899,4
LVSM1130,4
ADC1166,4
LVTR1769,4
ADC0447V,4
CRB3155,4
CBC138L,4
CBC138R,4
LVTR1816,4
CRB3190,4
CCA2402R,4
ADC01137,4
CBC143R,4
ADC0436,4
CRB3243,4
ADC0279V,4
LVTR1943,4
LVBW1318,4
CRB3094,4
ADC0450,4
CBC134L,4
ADC1055V,4
ADC1144V,4
LVXL1135,4
ADC1143V,4
LVTR1431,4
ADC1108V,4
LVBW1674,4
LVTR1521,4
ADC0455,4
ADC1007V,4
ADC01135,4
CCA2355R,4
ADC0933,4
LVBW1080,4
ADC0560V,4
CRB3315,4
ADC2886V,4
LVSK815,4
LVCL1028,4
ADC2617V,4
ADC5040V,4
ADC5045V,4
CHA120,4
CHA121,4
LVSA1476,4
CHA131,4
LVSA1609,4
LVSA1620,4
ADC2408V,4
LVSA1179,4
ADC2303V,4
ADC5093,4
ADC5109V,4
ADC1925V,4
ADC1918V,4
ADC1912V,4
LVCF635,4
VFA762,4
LVBE269,4
ADC2711V,4
LVSA1475,4
ADC2845V,4
CHA117,4
ADC2888V,4
ADC2893V,4
CHA076,4
ADC2921V,4
ADC2866,4
ADC2946,4
ADC2969V,4
ADC2970V,4
CCA1436L,4
ADC2864V,4
LVSA1439,4
ADC2863V,4
ADC2847V,4
VTR833,4
ADC4062,4
ADC4063V,4
ADC4082V,4
ADC5016V,4
ADC5017V,4
VTR1253,4
ADC1790VL,4
LVSK1326,4
CIZ12521,4
LVSJ1218,4
CBC062R,4
LVSJ1260,4
CCA1142,4
LVSK1030K,4
ADC1597V,4
ADC1593V,4
CCA3084,4
ADC1587V,4
LVSA1021,4
ADC9053V,4
ADC1555,4
ADC1512,4
LVSK1228,4
LVSK1241,4
CHA080,4
CCA3045,4
CMB41065CK,4
ADC1507V,4
LVSK1293,4
CBC057L,4
ADC1628,4
CHA431,4
LVSA988,4
ADC1758V,4
LVSA1858,4
CHA248,4
CBC021L,4
CBC023L,4
ADC1756V,4
CBC023R,4
LVSA1875,4
CHA288,4
LVSA1942,4
LVSA1984,4
LVSA2029,4
LVSA2044,4
ADC1736V,4
ADC1723V,4
LVSA2139,4
ADC1648V,4
CBC049L,4
CBC050L,4
CRB3377,4
CRB3417,4
CBP32281,4
CBK321,4
VBC368L,4
CTSM9046,4
CTSM9032,4
CTSM9024,4
CTSM9023,4
CBK279,4
CTSM9008,4
CTRE2212,4
VBC414R,4
CTRE2177,4
CBK264,4
VBC417R,4
VBC420L,4
VBC427L,4
CSL7215,4
CTRE2124,4
CTRE1212,4
CBK222,4
CTRE1177,4
VBC447L,4
VBC452R,4
CSL7228,4
CSL7229,4
CTRE1124,4
VBC464L,4
CTSM9088,4
CTSM9112,4
ECK211,4
CBP01021,4
ECK202,4
CSL7049,4
VBC262R,4
VBC264L,4
CSL7056,4
ECK111,4
VBC267R,4
VBC288R,4
VBC290R,4
EAF996,4
VBC307L,4
LVBE268,4
VBC315R,4
EAF722,4
CBC491R,4
EAF629,4
CBP01559,4
VBC335R,4
VSJ878,4
VBC354R,4
VBC355R,4
VSJ660,4
VSJ619,4
CTSM9187,4
VBC366L,4
CSL7239,4
CTR3428,4
CTR3396,4
VBC467R,4
CBJ7315,4
CSL7287,4
VBC595L,4
VBC824R,4
VBC595R,4
VBC603L,4
CSL7317,4
CTR1081,4
CTR1080,4
CSL7337,4
VBC603R,4
CSL7344,4
VBC817L,4
VBC611R,4
VBC629R,4
CTR1033,4
CSRM3000,4
CSZ41032CK,4
CSZ41013CK,4
CSRM3012,4
VBC677R,4
CSRM3116,4
CBJ7010,4
CBJ7014,4
CBJ7124,4
VBC593L,4
CBJ7326,4
CTR2080,4
CTR3195,4
VBC475R,4
CBK101,4
VBC481R,4
VBC491L,4
VBC494R,4
CTR3226,4
VBC505L,4
CSL7259,4
CTR3203,4
CSL7284,4
CBK051,4
VBC513L,4
CTR2081,4
CTR3146,4
CTR3113,4
VBC521L,4
CTR3103,4
CTR3048,4
VBC541R,4
CBK019,4
VFL553,4
CTR3025,4
VFL535,4
CTR2082,4
ECK204,4
VSK666,4
VBC243R,4
ECK417,4
LVBD1176Z,4
LVBD1170,4
LVBD1133Z,4
LVBD1103,4
EWP391,4
CSL6052,4
EWP044,4
EWP005,4
EOF252,4
EOF247,4
EKF295A,4
EKF250A,4
CBC306L,4
EKF123A,4
CBC319L,4
CBC322L,4
CBC322R,4
VBC126R,4
CBP0705,4
VBC134L,4
VBC141L,4
VBC141R,4
VBC143L,4
LVBD1279Z,4
LVBD1302Z,4
CBC218R,4
LVBD1850,4
LVBE120,4
CRB3403,4
CBP32234,4
LVBD898,4
LVBD750,4
LVBD1973,4
CRB3407,4
LVBD1917,4
CSRM3057,4
LVXL1442,4
LVBD1807,4
LVBD1315Z,4
LVBD1727,4
LVBD1712,4
LVXL1696,4
LVBD1668,4
CRB3448,4
CRB3460,4
LVBD1590,4
CBC210L,4
VCF180,4
LVBD1530,4
CBP0558,4
VFF495,4
VBC202R,4
VBC240R,4
CBC378R,4
VBC224R,4
VBC200L,4
CBP02335,4
VBC232L,4
VBC237L,4
VBC237R,4
VBC223L,4
VBC170L,4
VBC165L,4
VBC189L,4
ECK401,4
VBC155R,4
VBC204R,4
ECK311,4
VBC170R,4
VBC310R,3
VBC200R,3
CCA2523R,3
LVBD1364Z,3
LVTR1844,3
LVBD1363Z,3
VBC360L,3
CTR2047,3
LVBW1588,3
LVTR1793,3
EAF992,3
LVSA1711,3
LVTR1768,3
CSL5031,3
EAF801,3
LVSA1688,3
CHA154,3
EAF800,3
CHA170,3
CCA2436R,3
CHA186,3
VBC266R,3
VBC719L,3
VBC242L,3
CHA278,3
CHA242,3
VBC253R,3
CHA232,3
VBC639R,3
ECK057,3
CTR1083,3
CCA2410R,3
VBC282L,3
CTR1076,3
LVTR1910,3
LVSA2082,3
LVBD1629,3
CTR1082,3
LVTR1490,3
LVXL2036,3
EAF724,3
LVSL1410,3
VBC446L,3
CHA252,3
LVSL1359,3
EAF590,3
VBC434L,3
EKF458A,3
EAF411,3
LVSK916,3
LVSA1401,3
CHA064,3
EKF217,3
EAF080,3
CHA074,3
LVSJ1247,3
CHA115,3
VBC359L,3
LVSJ1294,3
CHA111,3
CHA090,3
CKI12264,3
VBC359R,3
LVSJ1073,3
EWP146,3
VCF115,3
EWP175,3
LVBD1098Z,3
EWP483V,3
ECK455,3
LVTR1242,3
LVTR1053,3
VBC505R,3
CSL6011,3
EWP466,3
CHA004,3
LVSA1135,3
LVFA1571,3
EWP452,3
LVSA1136,3
CHA130,3
LVSM1019,3
EWP372,3
EWP312,3
EWP220,3
LVSL1592,3
CSL6031,3
EWP178,3
VBC787R,3
EWP478,3
CBC111R,3
CBC396L,3
CBC691R,3
CBC094L,3
CBC253R,3
CBC252L,3
CBC195L,3
CBC695R,3
CBP31113,3
CBC376L,3
CBC150L,3
CBC150R,3
CBC247L,3
VSA1050,3
CBC057R,3
CBC056L,3
CBP31178,3
CBC242R,3
CBJ7162,3
CBC494L,3
CBC163R,3
CBC242L,3
CBC195R,3
CBC355L,3
CBC094R,3
CBC239R,3
CBC239L,3
CBC488L,3
CBC096L,3
CBC430R,3
CBC690L,3
CBP31112,3
CBC146L,3
CBC024R,3
CBC511L,3
CBC028R,3
CBK109,3
CBC411L,3
CBC430L,3
CBC031L,3
CBC169R,3
CCA1417L,3
CCA1410L,3
CBC258R,3
CBK067,3
CBC146R,3
CBC688R,3
CBC085L,3
CBP21789,3
CBC147L,3
CBC147R,3
CBC258L,3
VTR490,3
CBC505R,3
CBC255R,3
CBC168R,3
CBC194L,3
CBC688L,3
CBC194R,3
ADC1767V,3
CBC079L,3
CBP12140,3
CBC154L,3
CBC104R,3
CBC220R,3
CBC206R,3
CBC104L,3
CBP9042MK,3
CBC217R,3
CBC217L,3
CBC035R,3
CBJ5024,3
CBC474L,3
CBC208R,3
CBC047R,3
CBC047L,3
CBC036L,3
CBC401R,3
CBJ5010,3
CBC213R,3
CBC213L,3
CBC036R,3
CBC044L,3
CBC040R,3
VTR863,3
CBC040L,3
CBC401L,3
VTR864,3
ADC2974V,3
CBC210R,3
CBC157L,3
CBC802L,3
CBC156R,3
CBC471L,3
CBC469L,3
CBC098L,3
CBC396R,3
ADC1802,3
CBC079R,3
CCA1079,3
CBC485L,3
CBC080L,3
CBC155L,3
CBC035L,3
VSL843,3
ADC1821V,3
CBC360R,3
CBJ6024,3
CBC779R,3
CBC368L,3
CBC783L,3
CBC234L,3
CBC783R,3
CBC052L,3
CBC231L,3
CBC080R,3
CBC155R,3
VFL504,3
CBC106R,3
CBC161R,3
CBK203,3
CBC169L,3
CBC144L,3
CBC180L,3
CBC574L,3
CBC378L,3
CBC418L,3
CBP01110,3
CBC328L,3
CBC180R,3
CBC328R,3
CBC123L,3
CBC292L,3
CBC190L,3
CBP12047,3
CBC190R,3
CBC565L,3
CBC134R,3
CBC119R,3
CBC288R,3
CBC453L,3
CBC288L,3
CBC016R,3
CBC331R,3
CBC286L,3
CBK299,3
CBC563R,3
CBC563L,3
CBC088L,3
CBC279R,3
ADC0372,3
CBC574R,3
CBC299L,3
CBC188R,3
CBC422L,3
CBP02362,3
CBC600L,3
CBC600R,3
CBC589R,3
CBC589L,3
CBC311R,3
VSJ972,3
CBC316L,3
CBC311L,3
CBC310R,3
CBC089R,3
CBC089L,3
CBC424L,3
CBC188L,3
CBP01761,3
CBC306R,3
CBC182L,3
ADC9047V,3
CBC006R,3
CBC324L,3
CBC578L,3
CBC324R,3
CBC014L,3
CBC014R,3
CBC133R,3
CBC161L,3
CBC267L,3
CBC267R,3
CBK234,3
CBC173R,3
CBC268L,3
CBC064L,3
CBC141R,3
CBC340R,3
VFA1234,3
CBC142L,3
CBC024L,3
CCA1523L,3
CBC020R,3
CBC266L,3
CBC173L,3
CBC270L,3
CBC117L,3
CBK207,3
CBC268R,3
CBC342R,3
CBC339L,3
CBC339R,3
CBC340L,3
CBC142R,3
CBC341L,3
CBC675R,3
CBC274R,3
CSL7101,2
LVSA2004,2
CSRM3132,2
CSL7100,2
CSL7187,2
LVSA1910,2
LVSL1167,2
LVSA1995,2
CSRM3133,2
CSRM3117,2
CBK064,2
VBC152R,2
LVSK1366,2
LVBD1911,2
CSL7123,2
CBK214,2
LVSK966,2
CSRM3135,2
LVBD1755,2
LVSL1271,2
CBC209R,2
CBC209L,2
CBK175,2
LVBD1545,2
LVBD2079,2
LVSL1270,2
CBC039L,2
LVSA1874,2
CBK099,2
CBC085R,2
VBC677L,2
LVSA1821,2
CBK075,2
LVXL1766,2
LVSK965,2
CBP01720,2
VBC686R,2
CBP01626,2
CBP01590,2
LVBD1776,2
EAF816,2
CBP01548,2
CBP01114,2
EAF826,2
CBC021R,2
LVSA1941,2
LVXL1728,2
LVSA1940,2
CSL7386,2
LVXL1625,2
CSL7167,2
LVCF524,2
LVSA1939,2
VBC165R,2
CBJ7308,2
CSL7289,2
CBK283,2
EAF874,2
CBJ7208,2
CBC088R,2
LVSA1929,2
VBC817R,2
CBJ7257,2
CBC020L,2
CSL7312,2
CBJ7301,2
VBC847L,2
CSL7293,2
CBK293,2
VBC847R,2
LVSA1928,2
CSL7188,2
CSRM3016,2
LVSL1158,2
CBK058,2
LVBD1715,2
LVSA1994,2
LVBD1533,2
CSL7305,2
LVXL1433,2
ECK382,2
CBK232,2
VBC315L,2
VBC702L,2
LVBW944,2
VBC702R,2
LVSK989,2
LVBD1889,2
CBK259,2
CSRM3027,2
LVBW942,2
LVSL1010,2
CBJ7087,2
LVSL1011,2
CBK273,2
CSRM3043,2
CSRM3042,2
CSL7283,2
VBC774L,2
CSRM3034,2
LVSA1954,2
LVSA1943,2
LVXL1624,2
CSRM3092,2
LVBD1531,2
VSA1132,2
EOF277,2
LVSJ1254,2
CBC269L,2
CTR3359,2
VBC341R,2
CTR3367,2
VBC466R,2
EOF200,2
CTR3418,2
VBC466L,2
EOF196,2
CTR3482,2
LVSK1295,2
EOF129,2
LVXL620,2
VBC456R,2
EOF033,2
LVXL721,2
CBC335R,2
LVSJ1251,2
EFF205,2
LVXL1771,2
CBC062L,2
CBC254R,2
EWP035,2
VBC138L,2
LVSJ1207,2
CTR3198,2
EAF494,2
VBC507L,2
VSA1117,2
VSA1127,2
LVSJ1216,2
VSA1128,2
CBC260L,2
CBC260R,2
VBC499R,2
VBC499L,2
VSA1131,2
VBC496L,2
VBC494L,2
VBC338R,2
CTRE1138,2
VBC453R,2
VBC349L,2
VBC450L,2
CTRE2168,2
LVSK1266,2
LVSK1265,2
LVSK1256,2
CTRE2183,2
VBC413R,2
CBC305L,2
CBC305R,2
CBC307L,2
CBC307R,2
CTRE4025,2
VSL874,2
EKF181,2
LVSK1222,2
EKF175,2
VBC368R,2
CTSM9055,2
CTSM9078,2
LVSK1251,2
CTRE2165,2
EKF267,2
CBC325L,2
LVSK1282,2
CTRE1163,2
EKF384A,2
LVSK1006,2
LVSK1014,2
VSA225A,2
VBC445R,2
VBC444L,2
VBC443L,2
VSL895,2
EKF300A,2
VBC437L,2
VSA226A,2
VSA299,2
VSA300,2
VSJ877,2
CTRE2136,2
CBC325R,2
EKF309,2
CTR3166,2
CTR3163,2
CTR3162,2
LVSK1347,2
LVSK883,2
LVBD1248,2
LVBD1217Z,2
CBC482R,2
LVSK1357,2
LVBD1174Z,2
LVSA2240,2
CBC234R,2
LVBD1134Z,2
ADC9128,2
LVSK871,2
LVBD1126Z,2
LVBD1104Z,2
CTR2056,2
CBC052R,2
EAF762,2
LVXL1930,2
LVBD1060Z,2
LVBD1035Z,2
LVSA2171,2
LVBD1266Z,2
VSJ968,2
CBC215R,2
CBC475L,2
LVSK908,2
LVBD1404,2
LVSA2083,2
LVBD1365Z,2
CBC475R,2
CTR1047,2
VBC629L,2
LVBD1344Z,2
LVXL1852,2
CBC216L,2
LVBD1334Z,2
CBC216R,2
LVBD1321Z,2
LVXL1824,2
LVSK893,2
VSL945,2
LVSA2170,2
LVBD1033Z,2
LVSK830,2
CBC689L,2
LVTR1491,2
EWP399,2
EWP396,2
CBC244L,2
EWP385,2
VBC540L,2
EWP255,2
EWP211,2
CBC349R,2
CBC349L,2
EWP200,2
EWP188,2
CBC695L,2
LVSJ1171,2
CTR3106,2
LVSK1329,2
CTR3116,2
EWP105,2
CBC254L,2
CBC689R,2
EWP408,2
ECK480,2
LVSA987,2
LVSA920,2
LVSK1345,2
LVXL199,2
LVSA738,2
LVSA739,2
LVXL2007,2
LVAB498,2
LVXL2010,2
LVSK802,2
LVSA921,2
EWP439,2
LVSK801,2
EWP513,2
CTR3006,2
CBC238L,2
CBC491L,2
EWP475,2
ECK478,2
VBC558R,2
LVSA1797,2
VTR1033,2
VSK670,2
ADC1624V,2
ADC1580V,2
CBC409L,2
CHA236,2
CHA240,2
CHA241,2
CCA1240,2
ADC1604,2
CCA1237,2
LVSA1022,2
CHA261,2
CHA267,2
ECK096,2
CCA1212,2
LVTR1947,2
CHA295,2
CHA296,2
CHA297,2
CHA298,2
CCA1194,2
CHA301,2
CHA304,2
CHA310,2
CHA311,2
ADC1579V,2
LVBW1272,2
ADC1574V,2
VWP687,2
LVFA1660,2
CHA114,2
CCA1403L,2
CCA1380L,2
CCA1368L,2
CHA124,2
CBC409R,2
LVSA1001,2
CCA1357L,2
VFA1002,2
CCA1355L,2
CHA212,2
ADC1562,2
CCA1349L,2
CHA157,2
CHA158,2
CCA1346L,2
CHA166,2
VBC266L,2
CHA171,2
LVTR1913,2
LVTR1914,2
CHA312,2
CHA317,2
CRB3026,2
VSL654,2
CNS11251,2
LVSM1067,2
LVFA1546,2
VSL115,2
LVSM1034,2
LVBW1791,2
VFB556,2
LVSM1022,2
ADC1805V,2
CRB1019,2
ECK259,2
CRB2019,2
LVFA1518,2
VFB703,2
ADC1822,2
ADC1920V,2
ADC1928,2
CBC439L,2
LVBW1202,2
CCA1014,2
LVSL970,2
ADC2405V,2
LVSL969,2
CBC406R,2
ADC1792V,2
VFB454,2
ADC1720V,2
LVSA1106,2
CHA368,2
CHA378,2
LVTR1957,2
CHA416,2
LVSA1114,2
LVTR1961,2
ADC1662V,2
ADC1718V,2
CHN12856,2
CCA1147,2
LVTR2037,2
ADC1725V,2
CBC153L,2
VBC270L,2
LVBW1244,2
VBC270R,2
LVTR1994,2
CKI12267,2
VBC232R,2
CCA1102,2
LVSM1109,2
LVTR1896,2
CHA096,2
LVTR1885,2
LVSM1159,2
ADC0282V,2
ADC0294,2
LVFF805,2
VBC247R,2
LVFF803,2
LVTR1448,2
ADC0460V,2
ADC0475,2
LVBW1639,2
LVFF774,2
CCA2462R,2
CCA2463R,2
LVTR1432,2
CCA2471R,2
ADC0906V,2
CCA2482R,2
LVBW1699,2
CCA2493R,2
CCA2500R,2
ADC1057,2
LVBW1627,2
CBC417R,2
CCA2512R,2
ADC0281V,2
CCA2403R,2
CCA2212,2
CBC126R,2
LVTR1504,2
CCA2312R,2
ADB02864,2
ADB32012,2
ADB3556,2
CCA2240,2
LVTR1516,2
LVTR1518,2
CCA2346R,2
CCA2237,2
ECK187,2
CCA2398R,2
ADC01133V,2
LVTR1469,2
LVBW1661,2
CBC126L,2
LVTR1524,2
CCA2368R,2
LVTR1462,2
CCA2380R,2
LVTR1459,2
LVBW1684,2
LVTR1424,2
ADC1114,2
CCA2548R,2
ADC1498V,2
LVTR1835,2
CBC413L,2
LVTR1836,2
CBC411R,2
ADC1464,2
CCA2014,2
CBC141L,2
LVTR1839,2
CCA1548L,2
ADC1471,2
CCA1512L,2
ADC1454V,2
CCA1501L,2
CCA1500L,2
CCA1493L,2
LVSM1178,2
CCA1482L,2
LVSM1166,2
CCA1471L,2
CCA1463L,2
CCA1462L,2
LVTR1861,2
VBC242R,2
ADC1441V,2
ADC1115V,2
ADC1251V,2
LVTR1747,2
ADC1158V,2
LVTR1260,2
LVTR1244,2
ADC1165,2
CBC118L,2
CBC117R,2
VFA1040,2
ADC1241,2
ADC1248,2
LVTR1770,2
LVBW1738,2
ADC1274,2
ADC1289V,2
ADC1320V,2
ADC1403,2
LVTR1810,2
LVTR1811,2
ADC1427,2
CHA002,2
LVTR1812,2
VBC243L,2
LVSL957,2
LVTR1987,2
LVSA1496,2
VBC189R,2
LVSL1526,2
ADC5277,2
VBC288L,2
CBP31586,2
ADC5276,2
LVSA1531,2
CBP31580,2
LVSL1514,2
CBP31524,2
ADC5046V,2
LVXL1280,2
LVSA1533,2
LVSA1534,2
LVSA1537,2
VBC291R,2
LVSA1538,2
VBC192L,2
VTR336,2
VTR1209,2
CBP12044,2
LVSA1515,2
VTR1208,2
CRB3372,2
ADC5081V,2
CBP0944,2
ADC5048V,2
ADC5050V,2
VTR796,2
LVBW1002,2
ADC5309V,2
CBP11040,2
ADC5308V,2
VBC283R,2
LVSA1489,2
CBP11621,2
ADC5282,2
CBC170L,2
LVCF652,2
LVSL1527,2
CBP31319,2
LVSL1479,2
CBP31256,2
CSL5072,2
CBC392L,2
CBC388R,2
LVSA1648,2
LVBE249,2
VCF129,2
ADC5061V,2
ADC5087,2
LVSA1658,2
LVSA1662,2
VCF110,2
LVSA1663,2
LVSA1664,2
LVBE273Z,2
ADC5079V,2
CBC174R,2
ADC5080V,2
CSL6087,2
LVSL1461,2
ADC5059V,2
CBP22142,2
ADC5057V,2
CBP31196,2
LVSL1471,2
LVSA1603,2
LVSA1764,2
LVSA1604,2
LVCF597,2
VBC203L,2
LVCL622,2
ADC5232V,2
CSL6110,2
CSL6076,2
LVSL1336,2
LVXL1257,2
ADC5228V,2
LVXL1051,2
ECK326,2
ADC5227V,2
LVBD966,2
LVSA1735,2
CBP32309,2
LVSA1409,2
ADC2889V,2
LVBE363,2
VSL733A,2
ADC2912,2
CBC159L,2
LVSA1406,2
CSL7040,2
CRB3111,2
LVSA1740,2
CRB3174,2
CBC182R,2
CRB3131,2
ADC2920V,2
ADC2923V,2
ADC2933V,2
LVTR291,2
LVBD564Z,2
ADC5205V,2
ADC2882V,2
LVSL717,2
LVSA1392,2
ADC2849V,2
VSL111A,2
LVSL1351,2
ADC2607V,2
ADC2610V,2
CBP02255,2
CBP02366,2
ADC2700,2
VBC277L,2
CRB3043,2
ADC5204V,2
VCF359,2
LVBW1117,2
ADC2810V,2
ADC2834V,2
ADC2848V,2
LVSL1273,2
LVSA1391,2
ADC2965V,2
LVTR530,2
ADC2973V,2
LVBW1014,2
VBC218L,2
ADC9029V,2
LVVB1470,2
ADC4009,2
LVBW1015,2
CBP3242,2
EAF949,2
VTR845,2
VTR844,2
ADC4001,2
ADC9013V,2
LVBD963,2
ADC4064,2
VTR1176,2
ADC5036V,2
CBP3232,2
LVSA1736,2
ECK316,2
CRB3252,2
ADC5223V,2
CBP32694,2
CRB3196,2
CSL7033,2
CBP33985,2
LVSA1424,2
LVSA1425,2
ADC5203V,2
VTR1152,2
VSK715,2
LVSA1426,2
LVSL1317,2
LVBD705Z,2
ADC2999V,2
LVXL1336,2
LVBD888Z,2
ECK207,1
CBC417L,1
CBC386L,1
CBC386R,1
CBC330R,1
CBC332L,1
CBC415R,1
CBC330L,1
CBC376R,1
CBC364R,1
CBC329R,1
CBC321R,1
CBC316R,1
CBC317L,1
CBC317R,1
CBC380L,1
CBC419R,1
CBC318L,1
CBC382L,1
CBC382R,1
CBC318R,1
CBC320L,1
CBC320R,1
CBC321L,1
ECK195,1
CBC379L,1
CBC384R,1
CBC419L,1
CBC333L,1
CBC377R,1
CBC418R,1
EFF358D,1
CBC377L,1
CBC326L,1
CBC326R,1
CBC327L,1
CBC327R,1
CBC384L,1
EFF325D,1
CBC329L,1
CBC332R,1
CBC375R,1
CBC387L,1
CBC347L,1
CBC354R,1
CBC408R,1
CBC367R,1
CBC354L,1
CBC353R,1
CBC353L,1
CBC352R,1
CBC352L,1
CBC351R,1
CBC351L,1
CBC350R,1
CBC350L,1
EFF078,1
CBC399L,1
EFF082,1
CBC397R,1
CBC348R,1
EFF118,1
CBC348L,1
ECK238,1
CBC355R,1
CBC356L,1
CBC366L,1
CBC365L,1
CBC363R,1
CBC365R,1
CBC363L,1
VSL725,1
CBC405L,1
CBC405R,1
CBC406L,1
CBC366R,1
CBC356R,1
CBC367L,1
CBC360L,1
CBC380R,1
CBC358R,1
CBC408L,1
CBC358L,1
CBC357L,1
CBC399R,1
CBC347R,1
CBC368R,1
CBC415L,1
VSL844,1
CBC391R,1
CBC391L,1
CBC389R,1
CBC413R,1
CBC389L,1
CBC338R,1
CBC338L,1
CBC388L,1
CBC387R,1
CBC414L,1
CBC337R,1
CBC337L,1
CBC336R,1
CBC414R,1
CBC336L,1
CBC335L,1
CBC334R,1
CBC334L,1
CBC333R,1
CBC341R,1
CBC342L,1
CBC343L,1
CBC394L,1
CBC346R,1
CBC397L,1
CBC373L,1
CBC373R,1
CBC346L,1
CBC374L,1
CBC374R,1
CBC394R,1
ECK290,1
CBC343R,1
CBC410R,1
CBC375L,1
CBC393R,1
CBC345R,1
CBC393L,1
CBC345L,1
CBC364L,1
CBC392R,1
CBC379R,1
CBC277R,1
CBC315R,1
CBC172L,1
CBC185R,1
LVXL1373,1
CBC185L,1
CBC184R,1
CBC184L,1
CBC181R,1
CBC181L,1
CBC178R,1
LVBE103Z,1
CBC178L,1
CBC176R,1
CBC176L,1
CBC172R,1
CBC171R,1
CBC189L,1
CBC171L,1
CBC170R,1
CBC090L,1
CBC090R,1
LVSL1362,1
LVXL1222,1
CBC168L,1
CBC167R,1
CBC166R,1
CBC166L,1
LVXL1101,1
CBC164R,1
CBC164L,1
LVSL1259,1
CBC189R,1
CBC162R,1
CBC202R,1
CBC214L,1
CBC212R,1
CBC212L,1
CBC208L,1
CBC083L,1
CBC206L,1
CBC205R,1
CBC205L,1
CBC204R,1
CBC204L,1
CBC420R,1
CBC203R,1
CBC203L,1
CBC202L,1
CBC192L,1
CBC201R,1
CBC201L,1
LVSL1012,1
CBC196R,1
CBC196L,1
CBC083R,1
CBC084L,1
CBC084R,1
CBC193R,1
CBC087L,1
CBC087R,1
CBC193L,1
CBC192R,1
CBC163L,1
CBC162L,1
CBC315L,1
CBC116R,1
CBC149R,1
CBC149L,1
CBC148R,1
CBC148L,1
CBC145R,1
CBC145L,1
CBC144R,1
CBC140R,1
CBC140L,1
CBC139R,1
CBC115R,1
CBC139L,1
CBC116L,1
CBC133L,1
CBC151L,1
CBC118R,1
CBC132R,1
CBC119L,1
CBC132L,1
CBC130R,1
CBC125L,1
CBC130L,1
CBC125R,1
CBC129R,1
CBC129L,1
CBC128R,1
CBC128L,1
CBC127L,1
LVBW1775,1
CBC151R,1
CBC096R,1
CBC157R,1
CBC097L,1
CBC097R,1
LVSL1490,1
CBC101L,1
CBC101R,1
CBC102L,1
LVSL1533,1
LVSL1534,1
LVWP1016,1
CBC102R,1
CBC160R,1
CBC160L,1
CBC159R,1
CBC105L,1
CBC115L,1
CBC105R,1
CBC156L,1
CBC110L,1
CBC110R,1
CBC111L,1
CBC112L,1
CBC112R,1
CBC154R,1
CBC114L,1
CBC114R,1
LVTR1993,1
LVTR1978,1
CBC152R,1
CBC214R,1
LVXL1806,1
CBC222L,1
CBC282L,1
EKF366,1
CBC289R,1
CBC289L,1
CBC287R,1
CBC287L,1
CBC286R,1
CBC285R,1
CBC285L,1
CBC284R,1
CBC284L,1
CBC283R,1
CBC283L,1
CBC282R,1
CBC281R,1
CBC292R,1
CBC281L,1
CBC279L,1
CBC277L,1
CBC276R,1
CBC276L,1
CBC275R,1
CBC275L,1
CBC274L,1
CBC272R,1
CBC272L,1
CBC271R,1
CBC271L,1
CBC270R,1
VSL896,1
CBC294L,1
CBC222R,1
CBC301L,1
CBC314R,1
CBC314L,1
CBC313R,1
CBC313L,1
EKF158,1
CBC312R,1
CBC312L,1
CBC308R,1
CBC304R,1
CBC304L,1
CBC303R,1
CBC303L,1
CBC301R,1
EKF248A,1
CBC294LS,1
CBC299R,1
EKF252,1
EKF254A,1
EKF271,1
CBC298R,1
CBC298L,1
CBC296R,1
EKF319A,1
CBC296L,1
CBC295R,1
CBC295L,1
CBC294RS,1
CBC294R,1
EOF248,1
CBC269R,1
CBC266R,1
CBC237R,1
EWP387,1
EWP409,1
EWP423,1
EWP440,1
CBC241R,1
CBC241L,1
EWP460,1
EWP461,1
CBC240R,1
CBC240L,1
EWP482,1
CBC238R,1
CBC076R,1
CBC077L,1
CBC265R,1
CBC077R,1
CBC237L,1
CBC236R,1
CBC236L,1
CBC235R,1
CBC235L,1
CBC232R,1
LVSK872,1
CBC232L,1
CBC230R,1
CBC230L,1
CBC223R,1
CBC223L,1
EWP375,1
CBC245L,1
CBC245R,1
CBC246L,1
CBC265L,1
CBC264R,1
CBC264L,1
CBC263R,1
CBC263L,1
CBC261R,1
CBC261L,1
EOF323,1
CBC257R,1
CBC257L,1
CBC256R,1
CBC256L,1
EWP099,1
EWP144,1
CBC253L,1
EWP147V,1
CBC250R,1
CBC250L,1
CBC248R,1
EWP199,1
CBC248L,1
EWP207,1
EWP209,1
EWP218,1
EWP223,1
CBC246R,1
EWP252,1
CBC420L,1
CBC127R,1
CBC601R,1
CBJ6010,1
CSL5046,1
CBC638L,1
CBP31195,1
CCA1081,1
CSZ12951,1
CSL5053,1
CTRE1131,1
CTRE1134,1
CSL5056,1
CNS12226,1
VFB493,1
CBC065L,1
CMZ12459,1
CCA1090,1
CSL5060,1
CBC635R,1
CCA1106,1
VFL378,1
CBC635L,1
CTRE1164,1
CCA1128,1
CBC065R,1
CBJ7016,1
CBJ7024,1
CBC066L,1
CBC639L,1
LVSA1178,1
CBC632R,1
CBC639R,1
CBC670L,1
CSB12970,1
CBC044R,1
CBC669R,1
CBC669L,1
VSA1144,1
CBP9078MK,1
CBP9080MK,1
CBC064R,1
CBP31574,1
ADC2421,1
CBP31520,1
CTR1025,1
CBC653R,1
CBC653L,1
CBC648R,1
CSL5029,1
LVSA2073,1
LVSA2072,1
CBC648L,1
CBC039R,1
CBC640R,1
CBC640L,1
CSL5042,1
CCA1070,1
CTRE1179,1
CBC632L,1
CBC587R,1
CCA1332L,1
VSA941A,1
CCA1344L,1
VSA973,1
CSL5078,1
CTRE2237,1
CTRE2244,1
CSL5102,1
VSA974,1
CBC069L,1
CBC069R,1
CBC032R,1
CBC602R,1
CBC602L,1
CBP32145,1
CBJ7138,1
CBC601L,1
CBC599R,1
CBC599L,1
LVSA1689,1
CBC596R,1
CBC596L,1
CBC595R,1
CBC072L,1
CBC595L,1
CBC593R,1
CBC616L,1
CBC616R,1
CTRE1230,1
CCA1291L,1
CTRE1244,1
CCA1158,1
CBC066R,1
CSRM3095,1
CSL5065,1
CTRE2123,1
CBC626R,1
CCA1171,1
CTRE2131,1
CBC034R,1
CCA1186,1
CBC626L,1
CSRM3070,1
CCA1213,1
CBC034L,1
CBC623R,1
CCA1249,1
CBC623L,1
VSA779,1
CTRE2164,1
VSA780,1
CBC620R,1
CBC620L,1
CBC619R,1
CBC619L,1
CBC670R,1
CBC672L,1
CBC672R,1
CBC759L,1
LVFA1405,1
CTR1153,1
CBP31620,1
CBC800L,1
CBC746R,1
CBC746L,1
CBC745R,1
CBC745L,1
CBC741R,1
CBC741L,1
CBC740R,1
CBC740L,1
CBC739R,1
CBC739L,1
CBC737R,1
CBC737L,1
CBC800R,1
CTR1101,1
CBP33984,1
CBC736R,1
CBC736L,1
CBC053L,1
CBC732R,1
CBC732L,1
CBC053R,1
CBC799R,1
CBC759R,1
CBC673L,1
CBC762L,1
LVSA1495,1
CBC779L,1
CBC778R,1
CBC778L,1
CBC775R,1
CBC786L,1
CBC775L,1
CBC786R,1
CBC787L,1
CBP32286,1
CBC787R,1
CBC791L,1
CTR2072,1
CBC791R,1
CBP32416,1
CTR2076,1
CBP32436,1
CBC771R,1
CBC049R,1
CBC771L,1
CBC799L,1
CBC767R,1
CBC767L,1
CBC762R,1
CTR2091,1
CBC054L,1
CBC054R,1
CRB3189,1
CBC723R,1
CBC692R,1
CBC807R,1
VTR962,1
CBC692L,1
CBC691L,1
CBC810L,1
CBC687R,1
CBC687L,1
CBC684R,1
CBC684L,1
CBC060R,1
CBC810R,1
CBC816L,1
CBP9043K,1
CTR1072,1
CBC061L,1
CBC061R,1
CBP9048K,1
CBC677R,1
VFF143,1
CBC816R,1
CTR1056,1
CBC677L,1
CBC675L,1
CBC673R,1
CBC693L,1
CBC693R,1
CBC807L,1
CBC059L,1
CBC723L,1
CBC802R,1
LVSA1529,1
CBC719R,1
CBC719L,1
CBC803L,1
CBC056R,1
CBC803R,1
CBC805L,1
CBP3450,1
CBC058L,1
CBC805R,1
CBC806R,1
CBP3789,1
CBP3802,1
CBC699R,1
CBC699L,1
CBC059R,1
CBC697R,1
CBC697L,1
CBC060L,1
CBC694R,1
CBC694L,1
CBC806L,1
CBC593L,1
CTR2033,1
CBC587L,1
CBC464R,1
VFL283,1
CCA2213,1
CBC468L,1
CCA2039,1
CBC467R,1
CBC467L,1
CBC466R,1
CBC466L,1
CCA2186,1
CBC465L,1
EAF871,1
CBP1736,1
CBP01042,1
CBC464L,1
CBP0591,1
ADC9075V,1
ADC1459V,1
CBP02853,1
LVSA1766,1
CSL6021,1
CBC463R,1
CBC463L,1
CBC468R,1
EAF845,1
CBC469R,1
CBC470L,1
CBC440L,1
CBC076L,1
CBP22214,1
CBC428R,1
CBC482L,1
EAF787,1
CBC480R,1
CBC480L,1
CBC429L,1
CBC477L,1
CBC476R,1
CBC429R,1
CBC476L,1
CBC473R,1
CBC473L,1
VTR1153,1
CBP06025,1
CBC471R,1
CBC431L,1
CBC470R,1
CBC431R,1
CDW12110,1
CBP01093,1
EAF744,1
CSL6060,1
CBC436R,1
ECK016,1
CBC437L,1
CBP02011,1
CBP02021,1
CBC437R,1
CBP0212,1
LVCF557,1
CBC006L,1
CBP02158,1
LVSA1744,1
CCA2076,1
LVSA1745,1
CCA2486R,1
CBP02393,1
CSL6082,1
CBC443R,1
CBC443L,1
CBC442R,1
CBC442L,1
CBC441R,1
CBC441L,1
CSL6056,1
CBC447L,1
CSL6055,1
CSL6053,1
CBC016L,1
CBC015R,1
LVSA1822,1
CBC458R,1
CBC458L,1
CBP01575,1
CBC015L,1
CBP01791,1
CSL6042,1
CCA2090,1
CBC455R,1
CBC455L,1
LVSA1739,1
CBC436L,1
CBC453R,1
CCA2102,1
ADC1162V,1
VSK716,1
CBC448R,1
CBC448L,1
CBC447R,1
CBC485R,1
CBC428L,1
EAF727,1
CBC550R,1
CSL6156,1
CBC425L,1
CBC564L,1
CBC562R,1
CBC425R,1
CBC562L,1
CBC558R,1
CBC558L,1
CBC554R,1
CBC554L,1
CSL5117,1
CBC532R,1
CBC426L,1
CBC075L,1
CBC547R,1
CBP1174,1
CBC547L,1
CBC426R,1
CBC427L,1
CBC540R,1
CBC540L,1
CCA2357R,1
CBC424R,1
CBC564R,1
CBC073R,1
CBC565R,1
CBC032L,1
VBF299,1
ADB01533,1
CBC578R,1
CBC422R,1
CSL5112,1
CBC573R,1
CBC573L,1
CBC072R,1
CBC570R,1
CBC570L,1
CBC031R,1
CBC073L,1
CSL6117,1
CBC568R,1
CCA2344R,1
CCA2349R,1
CBC568L,1
CBC566R,1
CBC566L,1
LVFA1691,1
CBC427R,1
CBC440R,1
CSL6102,1
CBC496R,1
CBC501L,1
CBC500R,1
CBC500L,1
ADC1474V,1
CBC498R,1
CSL7194,1
CBC018R,1
CBC498L,1
CBC497R,1
CBC497L,1
ECK134,1
CBC501R,1
CBC018L,1
CBC496L,1
CBC495R,1
CBC495L,1
CBC493R,1
CBC493L,1
EAF717,1
CBC492R,1
CBC492L,1
CBC488R,1
CBP0915,1
ECK136,1
CBC502L,1
ECK138,1
CBC532L,1
CHA067,1
CBC513R,1
CBC513L,1
CSL5156,1
LVCF580,1
CBC512R,1
CBC502R,1
CBC511R,1
CBC512L,1
CBC509R,1
CBC509L,1
CBC504R,1
CBC075R,1
CBC504L,1
CBC503R,1
CBC503L,1
LVSA1765,0
LVSL1341,0
VTR240,0
LVSL1347,0
LVSA1775,0
VTR1252,0
LVSA1513,0
LVSL1348,0
LVSL1500,0
VTR267,0
LVSL1454,0
LVSL1466,0
LVSA1615,0
LVSL1385,0
LVSL1465,0
LVSA1712,0
LVSL1388,0
LVSA1625,0
VTK73,0
LVSL1458,0
LVSL1455,0
VTK63,0
VTR276,0
LVSL1449,0
LVSL1397,0
LVSL1398,0
VTR679,0
VTK48,0
LVSL1431,0
LVSL1407,0
LVSL1428,0
VTK46,0
LVSL1417,0
VTR709,0
LVSL1469,0
LVSL1470,0
LVSL1384,0
LVSL1354,0
LVSL1521,0
LVSA1530,0
LVSL1355,0
LVSA1728,0
LVSA1725,0
VTR373,0
LVSL1368,0
LVSL1372,0
LVSA1532,0
LVSL1373,0
LVSL1512,0
LVSL1377,0
LVSL1506,0
LVSL1498,0
LVSL1497,0
LVSA1575,0
LVSL1487,0
LVSA1576,0
LVSA1601,0
LVSA1602,0
LVSK1428,0
LVSM1030,0
LVSA1486,0
LVTK219,0
LVTK199,0
LVFL842,0
LVFL841,0
LVFL835,0
LVFL832,0
LVFL826,0
LVFL824,0
LVFL819,0
LVFL810,0
LVFL872,0
VWP763,0
VWP780,0
LVTK225,0
LVTK229,0
LVTR1111,0
LVTR1124,0
LVTR1224,0
VWP781,0
LVFL845,0
LVSM1208,0
LVSM1207,0
LVFL850,0
LVFL870,0
LVSM1140,0
LVSM1143,0
LVFL862,0
LVSM1144,0
VWP735,0
LVSM1148,0
LVFL860,0
LVSM1154,0
LVSM1158,0
VWP743,0
LVFL859,0
LVSM1167,0
VWP756,0
LVSM1194,0
LVSM1205,0
LVSM1206,0
VWP783,0
VWP784,0
LVTR1225,0
LVTR1439,0
VWP886,0
LVTR1440,0
LVFL786,0
LVFL779,0
LVTR1449,0
LVFL778,0
LVFL774,0
VWP900,0
LVFL773,0
VWP907,0
VWP908,0
VWP919,0
LVFL768,0
LVFL764,0
LVFL763,0
VWP920,0
LVFL760,0
LVFL790,0
LVTR1437,0
VWP804,0
LVTR1435,0
VWP807,0
VWP808,0
LVTR1247,0
LVFL802,0
LVTR1414,0
VWP827,0
VWP831,0
LVTR1416,0
VWP834,0
LVFL799,0
VWP840,0
VWP842,0
VWP859,0
VWP872,0
LVTR1427,0
VWP880,0
VWP881,0
LVFL871,0
LVRB267,0
LVSL1535,0
LVSL814,0
LVSL1634,0
LVSL1635,0
LVSL1636,0
LVSL1637,0
LVSL1638,0
LVSL1639,0
LVSL1640,0
VTR969,0
VTR988,0
VWP704,0
LVSL840,0
LVSL867,0
LVSL868,0
LVSL911,0
VTS281,0
VTT163,0
VTT271,0
VVB1111,0
LVSL1633,0
VTR961,0
LVSL1632,0
LVSA1423,0
LVSL1557,0
LVSA1485,0
LVSL1558,0
LVSL1561,0
LVSL1562,0
LVSL1567,0
LVSL1571,0
LVSL1574,0
LVSL1586,0
VTR865,0
LVSL1623,0
LVSL1624,0
LVSL1625,0
LVSL1627,0
LVSL1628,0
LVSL1630,0
LVSL1631,0
VTK44,0
LVSL962,0
LVSL968,0
VWC661,0
LVSA1140,0
LVSA1139,0
VWC795,0
VWC856,0
VWC879,0
VWC941,0
LVSM1129,0
VWC943,0
LVSA1060,0
VWC946,0
LVSA1059,0
LVSM1132,0
LVSM1139,0
VWP268,0
VWP447,0
LVRP307,0
LVRC416,0
VWC761,0
LVSM1063,0
VVB1164,0
VTK169,0
VVB1165,0
VTK40,0
VVB1347,0
VVB1348,0
LVSM1002,0
VVB671,0
LVSA1239,0
LVSA1238,0
LVSM1015,0
VVB672,0
LVSA1148,0
LVSL1322,0
VTK29,0
LVSA1147,0
VVB8,0
LVSM1043,0
LVSM1045,0
LVSL1326,0
LVSA2276,0
LVSL1320,0
LVSK1474,0
LVSK1227,0
VTR1040,0
LVSK1217,0
LVSK1199,0
VTR1056,0
VTR1107,0
LVSK1196,0
LVSK1475,0
LVSK1232,0
LVSK1476K,0
LVSK1477K,0
LVSK1191K,0
LVSK1478K,0
LVSK1175K,0
LVSK1479K,0
LVSK1480K,0
VTR1035,0
LVSK1252,0
LVSJ1308,0
LVSK1468,0
LVSK1312,0
LVSK1311,0
LVSK1307,0
LVSK1298,0
LVSK1292,0
LVSK1466,0
LVSK1467,0
LVSK1469,0
LVSK1255,0
LVSK1470,0
LVSK1471,0
LVSK1272,0
LVSK1267,0
LVSK1472,0
LVSK1473,0
LVSK1263,0
LVSK1164K,0
LVSK1137K,0
LVSK1125K,0
LVSK1493K,0
LVSK1488K,0
LVSJ641,0
LVSK1489K,0
LVSK1490K,0
LVSJ1311,0
LVSK1491K,0
LVSK1492K,0
LVSK1494K,0
LVSK1116K,0
LVSK1495K,0
LVSK1496K,0
LVSK1497K,0
LVSK1498K,0
LVSJ1310,0
LVSK1499K,0
LVSK1500K,0
LVSJ896,0
LVSK1487K,0
LVSK1486K,0
LVSK1485K,0
LVSK1071K,0
LVSK1054K,0
LVSK1047K,0
LVSK1043K,0
LVSK1020,0
LVSJ953,0
LVSK1481K,0
LVSK1482K,0
LVSJ916,0
LVSK1483K,0
LVSJ915,0
LVSJ912,0
LVSJ907,0
LVSK1484K,0
LVSJ906,0
LVSK1321,0
LVSK1465,0
LVSK1332,0
LVSK1413,0
LVSK1439,0
LVSK1417,0
LVSK1416,0
LVSK1415,0
LVSK1440,0
LVSK1441,0
LVSK1414,0
LVSK1442,0
LVSK1409,0
LVSK1443,0
LVSK1412,0
LVSK1444,0
LVSK1445,0
LVSK1446,0
LVSK1447,0
LVSK1411,0
LVSK1438,0
LVSK1437,0
LVSK1418,0
LVSK1436,0
LVSK1427,0
LVSK1426,0
LVSK1425,0
LVSK1430,0
LVSK1431,0
LVSK1432,0
LVSK1433,0
LVSK1424,0
LVSK1423,0
LVSK1422,0
LVSK1434,0
LVSK1435,0
LVSK1421,0
LVSK1420,0
LVSK1419,0
LVSK1410,0
LVSK1408,0
LVSK1334,0
LVSK1461,0
LVSK1456,0
LVSK1457,0
LVSK1395,0
LVSK1394,0
LVSK1458,0
LVSK1459,0
LVSK1460,0
LVSK1388,0
LVSK1407,0
LVSK1462,0
LVSK1463,0
LVSK1464,0
LVSK1362,0
LVSK1348,0
LVSK1338,0
LVSK1337,0
LVSK1396,0
LVSK1455,0
LVSK1397,0
LVSK1454,0
LVSK1406,0
LVSK1405,0
LVSK1404,0
LVSK1448,0
LVSK1403,0
LVSK1402,0
LVSK1401,0
LVSK1400,0
LVSK1399,0
LVSK1449,0
LVSK1398,0
LVSK1450,0
LVSK1451,0
LVSK1452,0
LVSK1453,0
LVSJ1309,0
LVSJ1307,0
VTR1251,0
LVSA1931,0
LVSA1973,0
LVSA1972,0
LVSA1969,0
LVSA1968,0
LVSL1154,0
LVSL1155,0
LVSA1955,0
LVSA1930,0
LVSK977,0
LVSA1927,0
LVSA1926,0
LVSL1161,0
LVSA1922,0
LVSL1163,0
LVSL1164,0
LVSL1165,0
LVSA1977,0
LVSA1991,0
LVSK1501K,0
VTK74,0
LVSK929,0
LVSA2076,0
LVSA2075,0
LVSA2074,0
LVSA2034,0
LVSA2033,0
VTK83,0
LVSK945,0
LVSA1992,0
LVSA2012,0
LVSA2011,0
LVSK970,0
LVSA2008,0
LVSA2007,0
LVSK971,0
LVSK972,0
LVSA1911,0
LVSA1891,0
LVSA1890,0
LVSL1285,0
LVSA1815,0
LVSL1261,0
LVSA1814,0
LVSA1813,0
VTR1113,0
VTR1133,0
LVSL1278,0
LVSL1286,0
LVSA1873,0
VTR1148,0
LVSL1287,0
VTR1149,0
LVSL1288,0
VTR1159,0
LVSA1796,0
VTR1231,0
LVSL1236,0
LVSL1230,0
LVSL1229,0
LVSL1223,0
LVSA1872,0
LVSA1871,0
LVSA1870,0
LVSA1853,0
LVSL1196,0
LVSA1852,0
LVSA1846,0
LVSL1202,0
LVSL1203,0
LVSA1839,0
LVSA1838,0
LVSL1220,0
LVSA1828,0
LVSL1221,0
LVSL1222,0
LVSK928,0
VTK88,0
VTK94,0
LVSJ1187,0
LVSJ1215,0
LVSJ1211,0
LVSJ1201,0
LVSJ1199,0
LVSK1508K,0
LVSK1509K,0
LVSJ1196,0
LVSJ1172,0
LVSJ1087,0
LVSJ1158,0
LVSJ1157,0
LVSJ1153,0
LVSJ1138,0
VTR1110,0
LVSJ1126,0
LVSK1510K,0
LVSJ1217,0
LVSJ1231,0
LVSJ1240,0
LVSK1507K,0
LVSK1502K,0
LVSJ1306,0
LVSK1503K,0
LVSJ1305,0
LVSJ1304,0
LVSJ1303,0
LVSJ1293,0
LVSJ1287,0
LVSK1504K,0
LVSJ1274,0
LVSK1505K,0
LVSJ1266,0
LVSK1506K,0
LVSJ1246,0
LVSJ1243,0
LVSJ1089,0
LVSJ1080,0
LVSA2077,0
LVSK892,0
LVSA2301,0
LVSK858,0
LVSK1429,0
LVSA2182,0
LVSA2175,0
LVSA2174,0
LVSK887,0
LVSK906,0
LVSK1511K,0
LVSK907,0
LVSA2132,0
LVSA2131,0
LVSA2102,0
LVSA2101,0
LVSA2079,0
LVSA2078,0
LVSA2303,0
LVSA2304,0
LVSK851,0
LVSK843,0
LVSJ1075,0
LVSK1512K,0
LVSK1513K,0
LVSK1514K,0
LVSK664,0
LVSA945,0
LVSA942,0
LVSA874,0
LVSA873,0
LVSK817,0
LVSA2307,0
LVSK831,0
LVSA2306,0
LVSK832,0
LVSA2305,0
LVSK1346,0
VFA1146,0
LVTR1497,0
VBK142,0
VBK1130,0
VBK1152,0
VBK1155,0
VBK1156,0
VFL177,0
VBK1181,0
VBK1186,0
VFL117,0
VBK1278,0
VBK1295,0
VBK1319,0
VBK1330,0
VBK180,0
VBK1112,0
VBK267,0
VBK269,0
VBK274,0
VBK284,0
VFF571,0
VBK287,0
VFF570,0
VBK298,0
VBK304,0
VBK315,0
VBK324,0
VBK328,0
VBK1121,0
VBK1108,0
VSA123,0
VBC796L,0
VBC731L,0
VBC731R,0
VFL342,0
VBC762L,0
VBC762R,0
VBC777L,0
VBC777R,0
VFL338,0
VFL323,0
VFL308,0
VFL299,0
VFL292,0
VBC796R,0
VBK1103,0
VFL282,0
VBE650,0
VFL215,0
VFL213,0
VBE653,0
VBF300,0
VBK1013,0
VBK1023,0
VBK1028,0
VBK103,0
VBK1057,0
VBK1058,0
VBK360,0
VFF556,0
VBK384,0
VBS384,0
VBK806,0
VBK811,0
VBK827,0
VBK845,0
VBK846,0
VBK850,0
VBK899,0
VFF488,0
VBK918,0
VBK927,0
VBK930,0
VBK934,0
VBS473,0
VFF553,0
VBS570,0
VFF486,0
VBS620,0
VBS624,0
VFF483,0
VBS656,0
VFF480,0
VFF477,0
VFF476,0
VFF475,0
VFF459,0
LVFL757,0
VBK779,0
VBK778,0
VBK757,0
VBK753,0
VBK385,0
VBK390,0
VBK393,0
VBK478,0
VFF551,0
VBK489,0
VFF536,0
VBK49,0
VFF522,0
VFF518,0
VFF514,0
VBK616,0
VFF510,0
VFF509,0
VFF508,0
VFF503,0
VBK637,0
VBK705,0
VFF500,0
VFF496,0
VFF492,0
VFF490,0
VBK730,0
VBK735,0
VBK737,0
VFL361,0
VFL368,0
VBC701R,0
VSA1061,0
VSA1082,0
VBC525L,0
VBC525R,0
VBC526L,0
VBC526R,0
VBC530L,0
VBC530R,0
VBC531L,0
VBC531R,0
VSA1081,0
VBC536L,0
VBC536R,0
VBC538L,0
VFL548,0
VBC538R,0
VBC539L,0
VSA1000,0
VRC208,0
VBC539R,0
VBC542L,0
VFL569,0
VFL568,0
VBC542R,0
VFL566,0
VFL562,0
VFL561,0
VSA1089,0
VBC508R,0
VSA1090,0
VBC508L,0
VBC459R,0
VBC464R,0
VSA1213,0
VSA1161,0
VBC472L,0
VBC472R,0
VBC473L,0
VBC473R,0
VBC474L,0
VBC474R,0
VSA1160,0
VBC478L,0
VBC478R,0
VBC481L,0
VSA1143,0
VBC492L,0
VBC492R,0
VBC493L,0
VBC493R,0
VBC498R,0
VBC500L,0
VBC500R,0
VBC501L,0
VBC501R,0
VSA1116,0
VFL552,0
VFL544,0
VFL369,0
VFL415,0
VFL444,0
VFL442,0
VFL441,0
VBC649L,0
VFL439,0
VBC649R,0
VFL431,0
VBC666L,0
VFL427,0
VFL421,0
VFL418,0
VFL417,0
VFL414,0
VFL537,0
VFL408,0
VFL401,0
VFL399,0
VFL397,0
VBC666R,0
VFL388,0
VBC672L,0
VBC672R,0
VBC678L,0
VBC678R,0
VFL374,0
VBC701L,0
VFL448,0
VFL462,0
VFL467,0
VFL474,0
VFL536,0
VBC560L,0
VBC560R,0
VBC563L,0
VBC563R,0
VFL532,0
VFL522,0
VBC574L,0
VBC574R,0
VBC587L,0
VBC587R,0
VFL519,0
VFL514,0
VBC592L,0
VBC592R,0
VBC593R,0
VBC594L,0
VFL510,0
VFL506,0
VBC594R,0
VBC601L,0
VFL497,0
VFL496,0
VFL485,0
VFL483,0
VFF457,0
VCC25,0
VCC34,0
VFA303,0
VFA55,0
VFA54,0
VFA524,0
VFA519,0
VFA502,0
VFA498,0
VFA46,0
VFA375,0
VFA33,0
VFA321,0
VFA32,0
VFA31,0
VFA1007,0
VFA1233,0
VFA284,0
VFA24,0
VFA22,0
VFA18,0
VFA16,0
VFA139,0
VFA134,0
VFA1244,0
VFA1239,0
VFA1238,0
VFA1013,0
VFA1014,0
VFA556,0
VFA57,0
VFA61,0
VFA613,0
VFA960,0
VFA957,0
VFA953,0
VFA923,0
VFA913,0
VFA901,0
VFA893,0
VFA89,0
VFA889,0
VFA87,0
VFA85,0
VFA81,0
VFA807,0
VFA795,0
VFA745,0
VFA732,0
VFA1001,0
VFA724,0
VFA72,0
VFA1005,0
VFA686,0
VFA651,0
VFA650,0
VFA646,0
VFA628,0
VFA1017,0
VFA1019,0
VCU325,0
VFA1108,0
VFA1089,0
VFA1191,0
VFA1090,0
VFA1092,0
VFA1187,0
VFA1095,0
VFA1186,0
VFA1179,0
VFA1097,0
VFA1103,0
VFA1175,0
VFA1107,0
VFA1109,0
VFA1024,0
VFA1172,0
VFA1110,0
VFA1111,0
VFA1169,0
VFA1113,0
VFA1114,0
VFA1128,0
VFA1132,0
VFA1133,0
VFA1156,0
VFA1154,0
VFA1153,0
VFA1082,0
VFA1081,0
VFA1197,0
VFA1073,0
VFA1229,0
VFA1031,0
VFA1225,0
VFA1224,0
VFA1036,0
VFA1038,0
VFA1041,0
VFA1042,0
VFA1223,0
VFA1219,0
VFA1214,0
VFA1050,0
VFA1213,0
VFA1051,0
VFA1052,0
VFA1053,0
VFA1054,0
VFA1212,0
VFA1055,0
VFA1210,0
VFA1059,0
VFA1208,0
VFA1207,0
VFA1201,0
VFA12,0
VFA968,0
VFA97,0
VCC43,0
VCF216,0
VFF432,0
VCF189,0
VFF424,0
VFF423,0
VCF191,0
VCF194,0
VFF408,0
VCF202,0
VCF204,0
VFF358,0
VCF211,0
VFF344,0
VFF343,0
VCF244,0
VCF221,0
VFF341,0
VCF224,0
VFF340,0
VCF226,0
VCF228,0
VFF339,0
VCF230,0
VCF238,0
VCF239,0
VCF240,0
VCF241,0
VCF188,0
VCF186,0
VCF184,0
VCF182,0
VCC52,0
VCC53,0
VCF103,0
VCF107,0
VCF108,0
VCF116,0
VCF127,0
VFF456,0
VCF141,0
VCF142,0
VCF147,0
VFF454,0
VCF152,0
VCF154,0
VFF436,0
VCF158,0
VCF159,0
VCF162,0
VCF165,0
VCF166,0
VCF167,0
VCF172,0
VFF434,0
VCF175,0
VCF179,0
VCF242,0
VCF249,0
VFA977,0
VFB557,0
VFF104,0
VFF100,0
VFB763,0
VFB759,0
VFB758,0
VCF407,0
VCF408,0
VFB623,0
VFB596,0
VCF413,0
VCF418,0
VFB585,0
VCL858,0
VFF258,0
VFB527,0
VCL870,0
VCR208,0
VCR240,0
VFB430,0
VFB428,0
VFB377,0
VCR251,0
VFB364,0
VCR253,0
VCR254,0
VFA98,0
VFF108,0
VCF397,0
VCF394,0
VCF392,0
VCF255,0
VFF252,0
VFF219,0
VCF325,0
VCF329,0
VFF180,0
VCF333,0
VFF179,0
VCF335,0
VCF337,0
VCF340,0
VCF341,0
VFF154,0
VCF345,0
VCF347,0
VCF354,0
VCF358,0
VCF363,0
VCF364,0
VCF366,0
VCF367,0
VCF382,0
VCF383,0
VCF390,0
VFF133,0
VBC459L,0
VBC454R,0
LVTR1498,0
LVXL1106,0
LVWS68,0
LVWS69,0
LVWS85,0
LVWS86,0
LVXL1012,0
LVXL1046,0
LVXL1059,0
LVXL1073,0
LVXL1074,0
LVXL1076,0
LVXL1080,0
LVXL1086,0
LVXL1113,0
LVWS106,0
LVXL1117,0
LVXL1120,0
LVXL1132,0
VSPY11,0
LVXL1149,0
LVXL1150,0
LVXL1152,0
LVXL1155,0
LVXL1168,0
LVXL1184,0
LVXL1215,0
LVXL1217,0
LVWS52,0
LVWP990,0
VBC454L,0
LVWP1038,0
LVVB1604,0
LVVB1655,0
LVVB1657,0
LVVG110,0
LVVG111,0
LVVG117,0
LVWP1000,0
LVWP1004,0
LVWP1013,0
LVWP1025,0
LVWP1031,0
LVWP1035,0
LVWP1048,0
LVWP985,0
LVWP1049,0
LVWP1053,0
LVWP1087,0
LVWP1088,0
LVWP1089,0
LVWP1120,0
LVWP1121,0
LVWP961,0
LVWP967,0
LVWP970,0
LVWP977,0
LVWP980,0
LVXL1231,0
LVXL1233,0
LVXL1253,0
LVXL1646,0
VSP1018,0
LVXL1424,0
LVXL1428,0
LVXL1445,0
LVXL1452,0
LVXL157,0
LVXL1634,0
LVXL1635,0
LVXL1636,0
LVXL1638,0
LVXL1639,0
LVXL1641,0
LVXL1653,0
LVXL1254,0
LVXL1667,0
LVXL1668,0
LVXL1670,0
LVXL1671,0
LVXL1672,0
LVXL1680,0
LVXL1682,0
LVXL1730,0
LVXL1731,0
VSL998,0
LVXL1733,0
VSL995,0
LVXL1418,0
LVXL1417,0
LVXL1409,0
VSP1019,0
LVXL1269,0
LVXL1270,0
LVXL1292,0
LVXL1294,0
LVXL1306,0
LVXL1307,0
LVXL131,0
LVXL1311,0
LVXL1318,0
VSP973,0
LVXL1330,0
LVXL1333,0
VSP815,0
LVXL1339,0
LVXL1342,0
LVXL1344,0
VSP1029,0
LVXL1352,0
LVXL1357,0
LVXL1363,0
LVXL1372,0
LVXL1375,0
LVXL1401,0
VSP1021,0
LVXL1405,0
LVTT383,0
LVTT377,0
LVTT350,0
LVTR1843,0
VTK161,0
VTK151,0
LVTR1796,0
VTK149,0
VTK148,0
LVTR1797,0
LVTR1798,0
LVTR1799,0
LVTR1800,0
LVTR1822,0
LVTR1823,0
LVTR1832,0
LVTR1845,0
LVTR1888,0
LVTR1846,0
LVTR1847,0
LVTR1852,0
LVTR1853,0
LVTR1854,0
LVTR1856,0
LVTR1857,0
LVTR1862,0
LVTR1863,0
LVTR1868,0
LVTR1869,0
LVTR1884,0
LVTR1761,0
LVTR1760,0
LVTR1759,0
LVTR1755,0
LVTR1519,0
LVTR1520,0
LVTR1523,0
LVTR1527,0
LVTR1528,0
LVTR1554,0
LVTR1555,0
LVTR1556,0
LVTR1557,0
LVTR1558,0
LVTR1583,0
VTK166,0
LVTR1633,0
VTK163,0
LVTR1646,0
LVTR1649,0
LVTR1661,0
LVTR1687,0
LVTR1718,0
LVTR1719,0
LVTR1720,0
LVTR1727,0
LVTR1728,0
LVTR1748,0
LVTR1754,0
LVTR1887,0
LVTR1933,0
LVTT346,0
LVTR2152,0
LVTR2141,0
LVTR2142,0
LVTR2143,0
LVTR2144,0
LVTR2145,0
LVTR2146,0
LVTR2147,0
LVTR2148,0
LVTR2149,0
LVTR215,0
LVTR2150,0
LVTR2151,0
LVTR2153,0
LVTR1938,0
LVTR2154,0
VTK135,0
LVTR2155,0
VTK125,0
LVTR2156,0
LVTR2157,0
LVTR2158,0
LVTR625,0
LVTR639,0
LVTR807,0
LVTR889,0
LVTT333,0
LVTR2140,0
LVTR2139,0
LVTR2138,0
LVTR2137,0
LVTR1942,0
VTK141,0
LVTR1954,0
LVTR2012,0
VTK137,0
LVTR2049,0
LVTR2050,0
LVTR2051,0
LVTR2054,0
LVTR207,0
LVTR2075,0
LVTR2101,0
LVTR2124,0
LVTR2125,0
LVTR2126,0
LVTR2127,0
LVTR2128,0
LVTR2129,0
LVTR2130,0
LVTR2131,0
LVTR2132,0
LVTR2133,0
LVTR2134,0
LVTR2135,0
LVTR2136,0
LVXL1739,0
LVXL1747,0
LVXL1748,0
VBC313R,0
VBC302L,0
VBC302R,0
VBC303L,0
VBC303R,0
VSK712,0
VSK699,0
VSK692,0
VSK682,0
VSK672,0
VSK669,0
VSK642,0
VBC313L,0
VSJ969,0
VBC339L,0
VSJ966,0
VBC319R,0
VSJ964,0
VBC322L,0
VBC322R,0
VBC323L,0
VSJ963,0
VBC323R,0
VBC330L,0
VBC330R,0
VSJ947,0
VBC334L,0
VBC297R,0
VBC297L,0
VBC294R,0
VSL1007,0
VBC244R,0
VBC249L,0
VBC249R,0
VBC250L,0
VBC250R,0
VBC251L,0
VBC251R,0
VBC252L,0
VBC252R,0
VBC254L,0
VBC258L,0
VBC258R,0
VBC260L,0
VBC260R,0
VBC265L,0
VBC265R,0
VSL650A,0
VBC269L,0
VBC271L,0
VBC271R,0
VBC281L,0
VBC281R,0
VBC292L,0
VBC292R,0
VBC294L,0
VBC334R,0
VBC339R,0
VBC236R,0
VBC437R,0
VBC399L,0
VBC399R,0
VSA944,0
VBC425L,0
VBC425R,0
VSA742,0
VBC429L,0
VBC429R,0
VBC431L,0
VBC431R,0
VBC436L,0
VBC436R,0
VBC442L,0
VBC342L,0
VBC442R,0
VSA178,0
VBC446R,0
VSA177,0
VSA1245,0
VBC448L,0
VBC448R,0
VBC450R,0
VBC452L,0
VSA1244,0
VBC453L,0
VSA124,0
VSA995A,0
VBC373R,0
VSA999,0
VSJ1001,0
VBC342R,0
VBC344L,0
VBC344R,0
VSJ911,0
VSJ908,0
VBC351L,0
VBC351R,0
VBC353L,0
VBC353R,0
VSJ870,0
VSJ867,0
VSJ815,0
VSJ810,0
VSJ799,0
VSJ771,0
VSJ766,0
VSJ732,0
VBC360R,0
VBC364L,0
VBC364R,0
VSJ591,0
VSJ493,0
VBC369L,0
VBC369R,0
VBC373L,0
VBC244L,0
VBC236L,0
LVXL1757,0
LVXL2105,0
LVXL1943,0
LVXL1951,0
LVXL1953,0
LVXL1959,0
LVXL1978,0
LVXL2017,0
LVXL202,0
LVXL2023,0
LVXL2035,0
LVXL2039,0
LVXL2097,0
LVXL2104,0
LVXL2109,0
LVXL622,0
LVXL2156,0
LVXL220,0
VSL921,0
LVXL286,0
LVXL287,0
LVXL365,0
LVXL467,0
LVXL501,0
VSL920,0
LVXL550,0
LVXL553,0
LVXL570,0
LVXL1933,0
LVXL1931,0
LVXL193,0
LVXL1918,0
LVXL1758,0
VSL994,0
LVXL1761,0
LVXL1762,0
VSL982,0
LVXL1763,0
LVXL1765,0
LVXL1768,0
LVXL1774,0
LVXL1775,0
LVXL1787,0
VSL960,0
LVXL179,0
LVXL1825,0
LVXL1843,0
LVXL1847,0
LVXL1850,0
LVXL1864,0
LVXL1867,0
LVXL1887,0
LVXL1889,0
LVXL1895,0
LVXL1896,0
LVXL1907,0
LVXL1908,0
LVXL616,0
LVXL634,0
VBC235R,0
VBC191L,0
VBC158L,0
VBC158R,0
VBC166R,0
VBC168L,0
VBC168R,0
VBC169L,0
VBC169R,0
VBC174L,0
VBC174R,0
VSL836,0
VBC186L,0
VBC186R,0
VSL789,0
VFA1145,0
VBC191R,0
VBC192R,0
VSL766,0
VSL752,0
VBC205L,0
VBC205R,0
VSL746A,0
VBC208L,0
VBC208R,0
VBC225L,0
VBC225R,0
VBC235L,0
VSL849,0
VBC136R,0
VBC136L,0
VSL856A,0
VSL907,0
LVXL705,0
LVXL717,0
LVXL722,0
LVXL752,0
LVXL774,0
LVXL781,0
LVXL840,0
LVXL847,0
LVXL848,0
LVXL874,0
LVXL889,0
LVXL984,0
VSL879,0
VSL878,0
VBC112L,0
VBC113L,0
VBC113R,0
VSL877,0
VSL876,0
VSL869,0
VSL857A,0
VBC126L,0
VBC127L,0
VBC127R,0
VCC15,0
1336.AX,0
LVFL756,0
CSL7217,0
CSL7052,0
CSL7051,0
CSL7039,0
CSL7036,0
CSL7022,0
CSL7015,0
CSL7014,0
CSL6162,0
CSL6128,0
CSL6120,0
CSL6115,0
CSL6112,0
CSL6111,0
CSL6108,0
CSL6107,0
CSL6105,0
CSL6101,0
CSL7053,0
CSL7054,0
CSL7065,0
CSL7163,0
CSL7182,0
CSL7181,0
CSL7180,0
CSL7173,0
CSL7171,0
CSL7169,0
CSL7164,0
CSL7161,0
CSL7081,0
CSL7160,0
CSL7144,0
CSL7128,0
CSL7117,0
CSL7109,0
CSL7102,0
CSL7099,0
CSL6099,0
CSL6098,0
CSL6089,0
CSL5084,0
CSL5105,0
CSL5104,0
CSL5101,0
CSL5099,0
CSL5098,0
CSL5089,0
CSL5087,0
CSL5082,0
CSL5108,0
CSL5080,0
CSL5073,0
CSL5069,0
CSL5067,0
CSL5066,0
CSL5062,0
CSL5055,0
CSL5107,0
CSL5115,0
CSL6084,0
CSL6051,0
CSL6080,0
CSL6073,0
CSL6069,0
CSL6067,0
CSL6066,0
CSL6065,0
CSL6062,0
CSL6050,0
CSL5120,0
CSL6044,0
CSL6032,0
CSL6024,0
CSL6023,0
CSL6017,0
CSL6013,0
CSL6009,0
CSL7216,0
CSL7219,0
CSL5044,0
CSL7223,0
CTR1062,0
CTR1049,0
CTR1037,0
CTR1034,0
CTR1031,0
CTR1029,0
CTR1022,0
CSZ12958,0
CSZ11940,0
CSRM3156,0
CSRM3143,0
CSRM3123,0
CSRM3119,0
CSRM3118,0
CSRM3101,0
CSRM3100,0
CSRM3098,0
CTR1064,0
CTR1069,0
CTR1073,0
CTR2034,0
CTR2088,0
CTR2073,0
CTR2068,0
CTR2066,0
CTR2064,0
CTR2049,0
CTR2037,0
CTR2031,0
CTR1088,0
CTR2029,0
CTR2028,0
CTR2025,0
CTR1152,0
CTR1110,0
CTR1095,0
CTR1092,0
CSRM3096,0
CSRM3080,0
CSRM3076,0
CSL7257,0
CSL7300,0
CSL7282,0
CSL7281,0
CSL7270,0
CSL7268,0
CSL7262,0
CSL7260,0
CSL7255,0
CSL7309,0
CSL7254,0
CSL7248,0
CSL7247,0
CSL7242,0
CSL7240,0
CSL7237,0
CSL7225,0
CSL7307,0
CSL7311,0
CSRM3073,0
CSRM3037,0
CSRM3072,0
CSRM3065,0
CSRM3062,0
CSRM3061,0
CSRM3051,0
CSRM3044,0
CSRM3041,0
CSRM3036,0
CSL7327,0
CSRM3033,0
CSRM3028,0
CSRM3021,0
CSL7383,0
CSL7377,0
CSL7363,0
CSL7361,0
CSL5050,0
CSL5035,0
LVFL755,0
CHA135,0
CCA2558R,0
CCA2532R,0
CCA2516R,0
CCA2508R,0
CCA2502R,0
CCA2501R,0
CCA2485R,0
CCA2476R,0
CCA2458R,0
CCA2451R,0
CCA2450R,0
CCA2442R,0
CCA2441R,0
CCA2433R,0
CCA2427R,0
CCA2423R,0
CCA2422R,0
CCA2565R,0
CCA2582R,0
CCA3003,0
CCA3059,0
CHA122,0
CHA027,0
CDW41010CK,0
CCA3123,0
CCA3075,0
CCA3073,0
CCA3067,0
CCA3056,0
CCA3012,0
CCA3054,0
CCA3053,0
CCA3041,0
CCA3034,0
CCA3026,0
CCA3024,0
CCA3019,0
CCA2417R,0
CCA2405R,0
CCA2404R,0
CCA2193R,0
CCA2249R,0
CCA2249,0
CCA2239,0
CCA2221,0
CCA2220,0
CCA2216,0
CCA2207,0
CCA2192,0
CCA2256,0
CCA2187,0
CCA2184,0
CCA2182,0
CCA2179,0
CCA2177,0
CCA2175,0
CCA2165,0
CCA2252,0
CCA2275R,0
CCA2381R,0
CCA2338R,0
CCA2375R,0
CCA2363R,0
CCA2359R,0
CCA2358R,0
CCA2356R,0
CCA2354R,0
CCA2343R,0
CCA2337R,0
CCA2283R,0
CCA2333R,0
CCA2332R,0
CCA2314R,0
CCA2289R,0
CCA2288R,0
CCA2287R,0
CCA2286R,0
CHA132,0
CHA220,0
CSL5032,0
CHN11532,0
CRB3310,0
CRB3300,0
CRB3296,0
CRB3256,0
CRB3235,0
CRB3225,0
CRB3221,0
CRB3197,0
CRB3195,0
CRB3192,0
CRB3191,0
CRB3188,0
CRB3186,0
CRB3173,0
CRB3158,0
CRB3145,0
CRB3139,0
CRB3319,0
CRB3327,0
CRB3351,0
CS38,0
CSL5024,0
CSL5021,0
CSL5017,0
CSL5013,0
CSL5010,0
CSL5009,0
CSB12990,0
CRB3505,0
CRB3384,0
CRB3498,0
CRB3449,0
CRB3418,0
CRB3408,0
CRB3404,0
CRB3395,0
CRB3387,0
CRB3123,0
CRB3097,0
CRB3088,0
CRB1000,0
CRB3019,0
CRB3004,0
CRB2015,0
CRB2005,0
CRB2000,0
CRB1015,0
CRB1005,0
CNS41065CK,0
CRB3022,0
CNS12248,0
CNS12243,0
CMZ12455,0
CHY13014,0
CHY12201,0
CHY11002,0
CHN41029CK,0
CRB3021,0
CRB3025,0
CRB3086,0
CRB3054,0
CRB3083,0
CRB3082,0
CRB3081,0
CRB3079,0
CRB3078,0
CRB3069,0
CRB3057,0
CRB3052,0
CRB3029,0
CRB3047,0
CRB3046,0
CRB3044,0
CRB3037,0
CRB3036,0
CRB3035,0
CRB3033,0
CTR2092,0
CTR2095,0
CTR2099,0
ECK124,0
ECK067,0
ECK058,0
ECK052,0
ECK045,0
ECK041,0
ECK039,0
ECK037,0
ECK036,0
ECK030,0
ECK027,0
ECK026,0
ECK025,0
ECK023,0
ECK020-SK,0
ECK019,0
ECK018,0
ECK014,0
ECK070,0
ECK074,0
ECK076,0
ECK091-CS10,0
ECK116,0
ECK109,0
ECK108,0
ECK102-CS28,0
ECK101,0
ECK096-CS28,0
ECK091-CS28,0
ECK091,0
ECK078,0
ECK089,0
ECK085,0
ECK082,0
ECK081,0
ECK080-CS28,0
ECK080-CS10,0
ECK080,0
ECK008,0
EAF994,0
EAF990,0
EAF1056,0
EAF450,0
EAF436,0
EAF354,0
EAF260,0
EAF1066,0
EAF1065,0
EAF1062,0
EAF1055,0
EAF547,0
EAF1029,0
EAF1021,0
EAF1015,0
EAF1014,0
EAF1006,0
EAF095,0
EAF043,0
EAF545,0
EAF586,0
EAF973,0
EAF799,0
EAF950,0
EAF934,0
EAF912,0
EAF906,0
EAF884,0
EAF851,0
EAF843,0
EAF792,0
EAF599,0
EAF777,0
EAF768,0
EAF759,0
EAF752,0
EAF660,0
EAF627,0
EAF618,0
ECK118-CS55,0
ECK125,0
CTR2115,0
ECK126,0
ECK278,0
ECK277,0
ECK276F,0
ECK275,0
ECK274,0
ECK272,0
ECK267,0
ECK266F,0
ECK266-SK,0
ECK263F,0
ECK262F,0
ECK262-SK,0
ECK261F,0
ECK261-SK,0
ECK260,0
ECK255,0
ECK253,0
ECK279,0
ECK280,0
ECK282,0
ECK307,0
ECK323-SK,0
ECK317,0
ECK315,0
ECK310-CS52,0
ECK310,0
ECK309,0
ECK308,0
ECK305,0
ECK285,0
ECK303,0
ECK302,0
ECK298,0
ECK295,0
ECK294,0
ECK293,0
ECK292,0
ECK252-SK,0
ECK251,0
ECK250,0
ECK168,0
ECK188,0
ECK178,0
ECK176,0
ECK175,0
ECK174F,0
ECK172,0
ECK171,0
ECK164-CS14,0
ECK193,0
ECK164,0
ECK160,0
ECK157,0
ECK153-CS25,0
ECK153-CS01,0
ECK146,0
ECK139,0
ECK190,0
ECK199,0
ECK246-SK,0
ECK227F,0
ECK243F,0
ECK239,0
ECK235,0
ECK233F,0
ECK232,0
ECK231,0
ECK230,0
ECK226F,0
ECK203,0
ECK224F,0
ECK222-CS37,0
ECK222,0
ECK217,0
ECK213-SK,0
ECK212,0
ECK205,0
CTY41216,0
CTY41088CK,0
CTY41002CK,0
CTY13045,0
CTR3313,0
CTR3312,0
CTR3311,0
CTR3309,0
CTR3308,0
CTR3302,0
CTR3299,0
CTR3296,0
CTR3281,0
CTR3280,0
CTR3277,0
CTR3251,0
CTR3241,0
CTR3237,0
CTR3234,0
CTR3233,0
CTR3214,0
CTR3316,0
CTR3317,0
CTR3319,0
CTR3357,0
CTR3369,0
CTR3368,0
CTR3366,0
CTR3365,0
CTR3364,0
CTR3363,0
CTR3358,0
CTR3356,0
CTR3321,0
CTR3353,0
CTR3336,0
CTR3330,0
CTR3329,0
CTR3328,0
CTR3327,0
CTR3322,0
CTR3213,0
CTR3206,0
CTR3205,0
CTR3052,0
CTR3085,0
CTR3083,0
CTR3080,0
CTR3075,0
CTR3064,0
CTR3062,0
CTR3058,0
CTR3049,0
CTR3093,0
CTR3046,0
CTR3045,0
CTR3039,0
CTR3034,0
CTR3032,0
CTR3028,0
CTR2151,0
CTR3089,0
CTR3097,0
CTR3201,0
CTR3125,0
CTR3188,0
CTR3187,0
CTR3181,0
CTR3173,0
CTR3172,0
CTR3164,0
CTR3140,0
CTR3121,0
CTR3098,0
CTR3117,0
CTR3114,0
CTR3112,0
CTR3111,0
CTR3108,0
CTR3107,0
CTR3104,0
CTR3370,0
CTR3371,0
CTR3373,0
CTRE2170,0
CTRE2230,0
CTRE2224,0
CTRE2188,0
CTRE2182,0
CTRE2176,0
CTRE2172,0
CTRE2171,0
CTRE2169,0
CTRE4001,0
CTRE2163,0
CTRE2158,0
CTRE2154,0
CTRE2140,0
CTRE2139,0
CTRE2138,0
CTRE2135,0
CTRE2231,0
CTRE4002,0
CTRE2129,0
CTSM9133,0
CTY13038,0
CTY12189,0
CTY12186,0
CTSM9169,0
CTSM9168,0
CTSM9141,0
CTSM9140,0
CTSM9124,0
CTRE4023,0
CTSM9083,0
CTSM9072,0
CTSM9041,0
CTSM9037,0
CTSM9015,0
CTSM9012,0
CTRE4032,0
CTRE2134,0
CTRE2128,0
CTR3436,0
CTRE1122,0
CTRE1144,0
CTRE1140,0
CTRE1139,0
CTRE1135,0
CTRE1129,0
CTRE1128,0
CTRE1126,0
CTRE1118,0
CTRE1154,0
CTRE1116,0
CTRE1112,0
CTRE1037,0
CTRE1005,0
CTRE1003,0
CTR3457,0
CTR3451,0
CTRE1145,0
CTRE1158,0
CTRE2126,0
CTRE1231,0
CTRE2122,0
CTRE2118,0
CTRE2116,0
CTRE2112,0
CTRE2037,0
CTRE2005,0
CTRE2003,0
CTRE1224,0
CTRE1168,0
CTRE1188,0
CTRE1182,0
CTRE1176,0
CTRE1172,0
CTRE1171,0
CTRE1170,0
CTRE1169,0
CCA2163,0
CCA2162,0
CCA2160,0
CBC506R,0
CBC456L,0
CBC454R,0
CBC454L,0
CBC452R,0
CBC452L,0
CBC444R,0
CBC444L,0
CBC439R,0
CBC434R,0
CBC434L,0
CBC433R,0
CBC433L,0
CBC423R,0
CBC423L,0
CBC421R,0
CBC421L,0
CBC416R,0
CBC456R,0
CBC457L,0
CBC457R,0
CBC477R,0
CBC499R,0
CBC499L,0
CBC494R,0
CBC487R,0
CBC487L,0
CBC483R,0
CBC483L,0
CBC465R,0
CBC459L,0
CBC462R,0
CBC462L,0
CBC461R,0
CBC461L,0
CBC460R,0
CBC460L,0
CBC459R,0
CBC416L,0
CBC412R,0
CBC412L,0
CBC302R,0
CBC344R,0
CBC344L,0
CBC331L,0
CBC323R,0
CBC323L,0
CBC310L,0
CBC308L,0
CBC302L,0
CBC372R,0
CBC297R,0
CBC297L,0
CBC291R,0
CBC291L,0
CBC290R,0
CBC290L,0
CBC278R,0
CBC372L,0
CBC381L,0
CBC407R,0
CBC398R,0
CBC407L,0
CBC403R,0
CBC403L,0
CBC402R,0
CBC402L,0
CBC400R,0
CBC400L,0
CBC398L,0
CBC381R,0
CBC395R,0
CBC395L,0
CBC390R,0
CBC390L,0
CBC385R,0
CBC383R,0
CBC383L,0
CBC506L,0
CBC530L,0
CBC681L,0
CBC530R,0
CBC633R,0
CBC633L,0
CBC630R,0
CBC630L,0
CBC629R,0
CBC629L,0
CBC627R,0
CBC627L,0
CBC625R,0
CBC625L,0
CBC624R,0
CBC624L,0
CBC621R,0
CBC621L,0
CBC615R,0
CBC615L,0
CBC614R,0
CBC634L,0
CBC634R,0
CBC636L,0
CBC663R,0
CBC680L,0
CBC679R,0
CBC679L,0
CBC678R,0
CBC678L,0
CBC676R,0
CBC676L,0
CBC663L,0
CBC636R,0
CBC659R,0
CBC659L,0
CBC656R,0
CBC656L,0
CBC652R,0
CBC652L,0
CBC638R,0
CBC614L,0
CBC612R,0
CBC612L,0
CBC571R,0
CBC579L,0
CBC577R,0
CBC577L,0
CBC576R,0
CBC576L,0
CBC575R,0
CBC575L,0
CBC571L,0
CBC580L,0
CBC567R,0
CBC567L,0
CBC550L,0
CBC549R,0
CBC549L,0
CBC546R,0
CBC546L,0
CBC579R,0
CBC580R,0
CBC607R,0
CBC590R,0
CBC607L,0
CBC598R,0
CBC598L,0
CBC597R,0
CBC597L,0
CBC592R,0
CBC592L,0
CBC590L,0
CBC582L,0
CBC588R,0
CBC588L,0
CBC584R,0
CBC584L,0
CBC583R,0
CBC583L,0
CBC582R,0
CBC278L,0
CBC273R,0
CBC273L,0
CBC262R,0
ADC2992V,0
ADC2961V,0
ADC2892,0
ADC2850V,0
ADC2726V,0
ADC2720V,0
ADC2719V,0
ADC2718V,0
ADC2709,0
ADC2514V,0
ADC2410,0
ADC2403,0
ADC2401V,0
ADC2319V,0
ADC1828V,0
ADC1808V,0
ADC1803V,0
ADC3024,0
ADC3035,0
ADC4010V,0
ADC5140V,0
ADC5231V,0
ADC5230V,0
ADC5226V,0
ADC5224V,0
ADC5222V,0
ADC5216V,0
ADC5192V,0
ADC5133,0
ADC4039V,0
ADC5131V,0
ADC5124,0
ADC5076V,0
ADC5054V,0
ADC5052V,0
ADC5003V,0
ADC4051V,0
ADC1780V,0
ADC1779V,0
ADC1762V,0
ADC1063,0
ADC1140,0
ADC1137,0
ADC1131V,0
ADC1113V,0
ADC1094V,0
ADC1094,0
ADC1092V,0
ADC0914V,0
ADC1207,0
ADC0525,0
ADC0476V,0
ADC0271V,0
ADC0261,0
ADC01142V,0
ADC01139V,0
ADB32235,0
ADC1205V,0
ADC1250V,0
ADC1749V,0
ADC1553V,0
ADC1676V,0
ADC1658V,0
ADC1643,0
ADC1640V,0
ADC1608V,0
ADC1577,0
ADC1572V,0
ADC1552V,0
ADC1258V,0
ADC1521,0
ADC1508,0
ADC1504V,0
ADC1430V,0
ADC1419,0
ADC1282V,0
ADC1261V,0
ADC5233V,0
ADC5234V,0
ADC5278,0
CBC165R,0
CBC183R,0
CBC183L,0
CBC179R,0
CBC179L,0
CBC177R,0
CBC177L,0
CBC167L,0
CBC165L,0
CBC186R,0
CBC158R,0
CBC158L,0
CBC153R,0
CBC152L,0
CBC137R,0
CBC137L,0
CBC135R,0
CBC186L,0
CBC187L,0
CBC131R,0
CBC221L,0
CBC262L,0
CBC255L,0
CBC243R,0
CBC243L,0
CBC227R,0
CBC227L,0
CBC221R,0
CBC211R,0
CBC187R,0
CBC211L,0
CBC207R,0
CBC207L,0
CBC199R,0
CBC199L,0
CBC197R,0
CBC197L,0
CBC135L,0
CBC131L,0
ADC5279,0
ADC9037V,0
ADC9115V,0
ADC9091V,0
ADC9083V,0
ADC9079V,0
ADC9078V,0
ADC9048V,0
ADC9038V,0
ADC9034V,0
CBC067L,0
ADC9031V,0
ADC9015V,0
ADC9010V,0
ADC9001V,0
ADC5283,0
ADC5281,0
ADC5280,0
CBC058R,0
CBC067R,0
CBC113R,0
CBC082R,0
CBC113L,0
CBC107R,0
CBC107L,0
CBC093R,0
CBC093L,0
CBC092R,0
CBC092L,0
CBC082L,0
CBC070L,0
CBC081R,0
CBC081L,0
CBC078R,0
CBC078L,0
CBC071R,0
CBC071L,0
CBC070R,0
CBC680R,0
CBC681R,0
CCA2159,0
CCA1207,0
CCA1077L,0
CCA1077,0
CCA1074,0
CCA1071,0
CCA1068,0
CCA1067,0
CCA1063,0
CCA1060,0
CCA1047,0
CCA1046,0
CCA1042,0
CCA1039,0
CCA1031,0
CCA1026L,0
CCA1023,0
CCA1003,0
CBP9081K,0
CCA1085,0
CCA1087,0
CCA1093,0
CCA1163,0
CCA1187,0
CCA1184,0
CCA1182,0
CCA1179,0
CCA1177,0
CCA1175,0
CCA1165,0
CCA1162,0
CCA1112,0
CCA1160,0
CCA1159,0
CCA1155,0
CCA1145,0
CCA1134,0
CCA1131,0
CCA1113,0
CBP9058MK,0
CBP9053,0
CBP9042M,0
CBP31019,0
CBP32104,0
CBP31799,0
CBP31782,0
CBP31521,0
CBP31193,0
CBP31152,0
CBP31125,0
CBP2714,0
CBP32232,0
CBP2219,0
CBP21528,0
CBP1885,0
CBP1851,0
CBP16002,0
CBP1526,0
CBP1433,0
CBP32119,0
CBP32252,0
CBP9039K,0
CBP3326,0
CBP9014MK,0
CBP3984,0
CBP3901,0
CBP3805,0
CBP3775,0
CBP36133,0
CBP36096,0
CBP32856,0
CBP32273,0
CBP3260,0
CBP32526,0
CBP32407,0
CBP32378,0
CBP32324,0
CBP3229,0
CBP32280,0
CCA1193L,0
CCA1208L,0
CBC690R,0
CCA1216,0
CCA2063,0
CCA2060,0
CCA2052,0
CCA2050,0
CCA2047,0
CCA2046,0
CCA2042,0
CCA2031,0
CCA2026R,0
CCA2023,0
CCA1582L,0
CCA1565L,0
CCA1558L,0
CCA1532L,0
CCA1524L,0
CCA1516L,0
CCA1502L,0
CCA2067,0
CCA2068,0
CCA2070,0
CCA2107,0
CCA2155,0
CCA2145,0
CCA2135,0
CCA2134,0
CCA2131,0
CCA2113,0
CCA2112,0
CCA2106,0
CCA2071,0
CCA2093,0
CCA2085,0
CCA2081,0
CCA2079,0
CCA2077R,0
CCA2077,0
CCA2074,0
CCA1486L,0
CCA1485L,0
CCA1476L,0
CCA1288L,0
CCA1338L,0
CCA1337L,0
CCA1333L,0
CCA1314L,0
CCA1312L,0
CCA1289L ,0
CCA1289L,0
CCA1287L,0
CCA1354L,0
CCA1286L,0
CCA1275L,0
CCA1256,0
CCA1252,0
CCA1249L,0
CCA1239,0
CCA1221,0
CCA1343L,0
CCA1356L,0
CCA1458L,0
CCA1422L,0
CCA1451L,0
CCA1450L,0
CCA1442L,0
CCA1441L,0
CCA1433L,0
CCA1427L,0
CCA1423L,0
CCA1417R,0
CCA1358L,0
CCA1405L,0
CCA1404L,0
CCA1384L,0
CCA1381L,0
CCA1375L,0
CCA1363L,0
CCA1359L,0
CBP1224,0
CBP12224,0
CBP12213,0
CBP12118,0
CBC826L,0
CBC824R,0
CBC824L,0
CBC822R,0
CBC822L,0
CBC819R,0
CBC819L,0
CBC818R,0
CBC818L,0
CBC808R,0
CBC808L,0
CBC798R,0
CBC798L,0
CBC793R,0
CBC793L,0
CBC785R,0
CBC785L,0
CBC826R,0
CBC829L,0
CBC829R,0
CBC849R,0
CBC873L,0
CBC872R,0
CBC872L,0
CBC860R,0
CBC860L,0
CBC858R,0
CBC858L,0
CBC849L,0
CBC831L,0
CBC837R,0
CBC837L,0
CBC835R,0
CBC835L,0
CBC833R,0
CBC833L,0
CBC831R,0
CBC782R,0
CBC782L,0
CBC777R,0
CBC718L,0
CBC726R,0
CBC726L,0
CBC725R,0
CBC725L,0
CBC720R,0
CBC720L,0
CBC718R,0
CBC717R,0
CBC727R,0
CBC717L,0
CBC716R,0
CBC716L,0
CBC714R,0
CBC714L,0
CBC712R,0
CBC712L,0
CBC727L,0
CBC733L,0
CBC777L,0
CBC768L,0
CBC774R,0
CBC774L,0
CBC773R,0
CBC773L,0
CBC769R,0
CBC769L,0
CBC768R,0
CBC758R,0
CBC733R,0
CBC758L,0
CBC753R,0
CBC753L,0
CBC752R,0
CBC752L,0
CBC747R,0
CBC747L,0
CBC873R,0
CBJ5013,0
CBJ5017,0
CBP0201,0
CBP02377,0
CBP02317,0
CBP02253,0
CBP02250,0
CBP02246,0
CBP02160,0
CBP02144,0
CBP01794,0
CBP0274,0
CBP01707,0
CBP01677,0
CBP01316,0
CBP01231,0
CBP01116,0
CBP0108,0
CBP01034,0
CBP02400,0
CBP02762,0
CBK286,0
CBP0878,0
CBP11785,0
CBP11718,0
CBP11601,0
CBP1133,0
CBP11031,0
CBP0989,0
CBP0925,0
CBP06138,0
CBP03977,0
CBP06108,0
CBP06095,0
CBP06069,0
CBP06039,0
CBP06005,0
CBP06000,0
CBP0513,0
CBP01033,0
CBK217,0
CBJ5021,0
CBJ7041,0
CBJ7080,0
CBJ7076,0
CBJ7072,0
CBJ7070,0
CBJ7058,0
CBJ7054,0
CBJ7046,0
CBJ7040,0
CBJ7095,0
CBJ7038,0
CBJ7036,0
CBJ6026,0
CBJ6021,0
CBJ6017,0
CBJ6013,0
CBJ5026,0
CBJ7094,0
CBJ7097,0
CBK102,0
CBJ7163,0
CBK023,0
CBJ7307,0
CBJ7302,0
CBJ7300,0
CBJ7275,0
CBJ7271,0
CBJ7253,0
CBJ7160,0
CBJ7116,0
CBJ7158,0
CBJ7146,0
CBJ7143,0
CBJ7139,0
CBJ7136,0
CBJ7134,0
CBJ7132,0
ECK327-SK,0
ECK327F,0
ECK328,0
LVBW2162,0
LVBW2140,0
LVBW2139,0
LVBW2138,0
LVBW2137,0
LVBW2136,0
LVBW2135,0
LVBW2134,0
LVBW2133,0
LVBW2132,0
LVBW2131,0
LVBW2130,0
LVBW2129,0
LVBW2128,0
LVBW2127,0
LVBW2126,0
LVBW2125,0
LVBW2124,0
LVBW2141,0
LVBW2142,0
LVBW2143,0
LVBW2153,0
LVBW2160,0
LVBW2159,0
LVBW2158,0
LVBW2157,0
LVBW2156,0
LVBW2155,0
LVBW2154,0
LVBW2152,0
LVBW2144,0
LVBW2151,0
LVBW2150,0
LVBW2149,0
LVBW2148,0
LVBW2147,0
LVBW2146,0
LVBW2145,0
LVBW2123,0
LVBW2122,0
LVBW2121,0
LVBW2092,0
LVBW2099,0
LVBW2098,0
LVBW2097,0
LVBW2096,0
LVBW2095,0
LVBW2094,0
LVBW2093,0
LVBW2091,0
LVBW2101,0
LVBW2090,0
LVBW2089,0
LVBW2088,0
LVBW2087,0
LVBW2086,0
LVBW2085,0
LVBW2084,0
LVBW2100,0
LVBW2102,0
LVBW2120,0
LVBW2112,0
LVBW2119,0
LVBW2118,0
LVBW2117,0
LVBW2116,0
LVBW2115,0
LVBW2114,0
LVBW2113,0
LVBW2111,0
LVBW2103,0
LVBW2110,0
LVBW2109,0
LVBW2108,0
LVBW2107,0
LVBW2106,0
LVBW2105,0
LVBW2104,0
LVBW2161,0
LVBW2163,0
LVBW2241,0
LVBW2164,0
LVBW2220,0
LVBW2219,0
LVBW2218,0
LVBW2217,0
LVBW2216,0
LVBW2215,0
LVBW2214,0
LVBW2213,0
LVBW2212,0
LVBW2211,0
LVBW2210,0
LVBW2209,0
LVBW2208,0
LVBW2207,0
LVBW2206,0
LVBW2205,0
LVBW2204,0
LVBW2221,0
LVBW2222,0
LVBW2223,0
LVBW2232,0
LVBW2239,0
LVBW2238,0
LVBW2237,0
LVBW2236,0
LVBW2235,0
LVBW2234,0
LVBW2233,0
LVBW2231,0
LVBW2224,0
LVBW2230,0
LVBW223,0
LVBW2229,0
LVBW2228,0
LVBW2227,0
LVBW2226,0
LVBW2225,0
LVBW2203,0
LVBW2202,0
LVBW2201,0
LVBW2172,0
LVBW2179,0
LVBW2178,0
LVBW2177,0
LVBW2176,0
LVBW2175,0
LVBW2174,0
LVBW2173,0
LVBW2171,0
LVBW2181,0
LVBW2170,0
LVBW217,0
LVBW2169,0
LVBW2168,0
LVBW2167,0
LVBW2166,0
LVBW2165,0
LVBW2180,0
LVBW2182,0
LVBW2200,0
LVBW2192,0
LVBW2199,0
LVBW2198,0
LVBW2197,0
LVBW2196,0
LVBW2195,0
LVBW2194,0
LVBW2193,0
LVBW2191,0
LVBW2183,0
LVBW2190,0
LVBW2189,0
LVBW2188,0
LVBW2187,0
LVBW2186,0
LVBW2185,0
LVBW2184,0
LVBW2083,0
LVBW2082,0
LVBW2081,0
LVBW2080,0
LVBW1980,0
LVBW1979,0
LVBW1978,0
LVBW1977,0
LVBW1976,0
LVBW1975,0
LVBW1974,0
LVBW1973,0
LVBW1972,0
LVBW1971,0
LVBW1970,0
LVBW1969,0
LVBW1968,0
LVBW1967,0
LVBW1966,0
LVBW1965,0
LVBW1964,0
LVBW1981,0
LVBW1982,0
LVBW1983,0
LVBW1993,0
LVBW2000,0
LVBW1999,0
LVBW1998,0
LVBW1997,0
LVBW1996,0
LVBW1995,0
LVBW1994,0
LVBW1992,0
LVBW1984,0
LVBW1991,0
LVBW1990,0
LVBW1989,0
LVBW1988,0
LVBW1987,0
LVBW1986,0
LVBW1985,0
LVBW1963,0
LVBW1962,0
LVBW1961,0
LVBW1923,0
LVBW1940,0
LVBW1939,0
LVBW1933,0
LVBW1929,0
LVBW1927,0
LVBW1926,0
LVBW1924,0
LVBW1922,0
LVBW1942,0
LVBW1921,0
LVBW1919,0
LVBW1917,0
LVBW1916,0
LVBW1898,0
LVBW1894,0
LVBW1893,0
LVBW1941,0
LVBW1943,0
LVBW1960,0
LVBW1952,0
LVBW1959,0
LVBW1958,0
LVBW1957,0
LVBW1956,0
LVBW1955,0
LVBW1954,0
LVBW1953,0
LVBW1951,0
LVBW1944,0
LVBW1950,0
LVBW195,0
LVBW1949,0
LVBW1948,0
LVBW1947,0
LVBW1946,0
LVBW1945,0
LVBW2001,0
LVBW2002,0
LVBW2003,0
LVBW2053,0
LVBW2060,0
LVBW2059,0
LVBW2058,0
LVBW2057,0
LVBW2056,0
LVBW2055,0
LVBW2054,0
LVBW2052,0
LVBW2062,0
LVBW2051,0
LVBW2050,0
LVBW2049,0
LVBW2048,0
LVBW2047,0
LVBW2046,0
LVBW2045,0
LVBW2061,0
LVBW2063,0
LVBW2043,0
LVBW2073,0
LVBW208,0
LVBW2079,0
LVBW2078,0
LVBW2077,0
LVBW2076,0
LVBW2075,0
LVBW2074,0
LVBW2072,0
LVBW2064,0
LVBW2071,0
LVBW2070,0
LVBW2069,0
LVBW2068,0
LVBW2067,0
LVBW2066,0
LVBW2065,0
LVBW2044,0
LVBW2042,0
LVBW2004,0
LVBW2013,0
LVBW2020,0
LVBW2019,0
LVBW2018,0
LVBW2017,0
LVBW2016,0
LVBW2015,0
LVBW2014,0
LVBW2012,0
LVBW2022,0
LVBW2011,0
LVBW2010,0
LVBW2009,0
LVBW2008,0
LVBW2007,0
LVBW2006,0
LVBW2005,0
LVBW2021,0
LVBW2023,0
LVBW2041,0
LVBW2033,0
LVBW2040,0
LVBW2039,0
LVBW2038,0
LVBW2037,0
LVBW2036,0
LVBW2035,0
LVBW2034,0
LVBW2032,0
LVBW2024,0
LVBW2031,0
LVBW2030,0
LVBW2029,0
LVBW2028,0
LVBW2027,0
LVBW2026,0
LVBW2025,0
LVBW2240,0
LVBW2242,0
LVBW1886,0
LVFA1500,0
LVFA1419,0
LVFA1418,0
LVFA1417,0
LVFA1414,0
LVFA1411,0
LVFA1403,0
LVFA1401,0
LVEP191,0
LVEP163,0
LVEP142,0
LVDL741,0
LVCU881,0
LVCU828,0
LVCT436,0
LVCT326,0
LVCR322,0
LVCP223,0
LVFA1420,0
LVFA1424,0
LVFA1426,0
LVFA1459,0
LVFA1494,0
LVFA1487,0
LVFA1480,0
LVFA1476,0
LVFA1474,0
LVFA1469,0
LVFA1460,0
LVFA1452,0
LVFA1430,0
LVFA1451,0
LVFA1449,0
LVFA1441,0
LVFA1437,0
LVFA1436,0
LVFA1435,0
LVFA1432,0
LVCL937,0
LVCL931,0
LVCL930,0
LVCF658,0
LVCL1095,0
LVCL1086,0
LVCL1073,0
LVCL1024,0
LVCF687,0
LVCF666,0
LVCF664,0
LVCF657,0
LVCL1159,0
LVCF656,0
LVCF647,0
LVCF646,0
LVCF643,0
LVCF639,0
LVCF637,0
LVCF632,0
LVCL1136,0
LVCL1176,0
LVCL929,0
LVCL807,0
LVCL897,0
LVCL882,0
LVCL880,0
LVCL849,0
LVCL841,0
LVCL821,0
LVCL811,0
LVCL801,0
LVCL1188,0
LVCL704,0
LVCL657,0
LVCL301,0
LVCL1280,0
LVCL1226,0
LVCL1216,0
LVCL1215,0
LVFA1498,0
LVFA1502,0
LVBW2243,0
LVFA1514,0
LVFF745,0
LVFF743,0
LVFF740,0
LVFF739,0
LVFF731,0
LVFF729,0
LVFF710,0
LVFF707,0
LVFF693,0
LVFF689,0
LVFF684,0
LVFF681,0
LVFC573,0
LVFB966,0
LVFB946,0
LVFB924,0
LVFB922,0
LVFF747,0
LVFF749,0
LVFF766,0
LVFF835,0
LVFL749,0
LVFL747,0
LVFL746,0
LVFL745,0
LVFL743,0
LVFL742,0
LVFF846,0
LVFF824,0
LVFF768,0
LVFF820,0
LVFF818,0
LVFF817,0
LVFF800,0
LVFF793,0
LVFF787,0
LVFF786,0
LVFB898,0
LVFB881,0
LVFB863,0
LVFA1555,0
LVFA1578,0
LVFA1572,0
LVFA1570,0
LVFA1567,0
LVFA1560,0
LVFA1559,0
LVFA1558,0
LVFA1539,0
LVFA1586,0
LVFA1538,0
LVFA1537,0
LVFA1535,0
LVFA1534,0
LVFA1530,0
LVFA1520,0
LVFA1519,0
LVFA1584,0
LVFA1590,0
LVFB847,0
LVFA1667,0
LVFA1712,0
LVFA1708,0
LVFA1699,0
LVFA1693,0
LVFA1674,0
LVFA1672,0
LVFA1670,0
LVFA1655,0
LVFA1595,0
LVFA1653,0
LVFA1649,0
LVFA1642,0
LVFA1640,0
LVFA1634,0
LVFA1626,0
LVFA1601,0
LVCF623,0
LVCF617,0
LVCF612,0
LVCF607,0
LVBW46,0
LVBW433,0
LVBW42,0
LVBW409,0
LVBW408,0
LVBW397,0
LVBW359,0
LVBW339,0
LVBW325,0
LVBW324,0
LVBW320,0
LVBW32,0
LVBW317,0
LVBW305,0
LVBW30,0
LVBW255,0
LVBW25,0
LVBW475,0
LVBW477,0
LVBW479,0
LVBW662,0
LVBW709,0
LVBW702,0
LVBW701,0
LVBW693,0
LVBW691,0
LVBW690,0
LVBW679,0
LVBW616,0
LVBW488,0
LVBW548,0
LVBW543,0
LVBW541,0
LVBW51,0
LVBW504,0
LVBW496,0
LVBW490,0
LVBW238,0
LVBW2281,0
LVBW2280,0
LVBW2252,0
LVBW2259,0
LVBW2258,0
LVBW2257,0
LVBW2256,0
LVBW2255,0
LVBW2254,0
LVBW2253,0
LVBW2251,0
LVBW2261,0
LVBW2250,0
LVBW2249,0
LVBW2248,0
LVBW2247,0
LVBW2246,0
LVBW2245,0
LVBW2244,0
LVBW2260,0
LVBW2262,0
LVBW2279,0
LVBW2271,0
LVBW2278,0
LVBW2277,0
LVBW2276,0
LVBW2275,0
LVBW2274,0
LVBW2273,0
LVBW2272,0
LVBW2270,0
LVBW2263,0
LVBW227,0
LVBW2269,0
LVBW2268,0
LVBW2267,0
LVBW2266,0
LVBW2265,0
LVBW2264,0
LVBW712,0
LVBW721,0
LVBW731,0
LVBW986,0
LVCF512,0
LVCF508,0
LVCF507,0
LVCF503,0
LVCC116,0
LVBW996,0
LVBW988,0
LVBW982,0
LVCF523,0
LVBW980,0
LVBW965,0
LVBW954,0
LVBW950,0
LVBW941,0
LVBW940,0
LVBW933,0
LVCF521,0
LVCF526,0
LVBW931,0
LVCF562,0
LVCF602,0
LVCF592,0
LVCF590,0
LVCF589,0
LVCF584,0
LVCF583,0
LVCF564,0
LVCF559,0
LVCF529,0
LVCF554,0
LVCF553,0
LVCF540,0
LVCF535,0
LVCF534,0
LVCF531,0
LVCF530,0
LVBW932,0
LVBW928,0
LVBW743,0
LVBW807,0
LVBW818,0
LVBW817,0
LVBW816,0
LVBW814,0
LVBW813,0
LVBW811,0
LVBW808,0
LVBW804,0
LVBW824,0
LVBW803,0
LVBW801,0
LVBW800,0
LVBW780,0
LVBW756,0
LVBW752,0
LVBW745,0
LVBW822,0
LVBW829,0
LVBW926,0
LVBW877,0
LVBW916,0
LVBW915,0
LVBW907,0
LVBW906,0
LVBW901,0
LVBW895,0
LVBW886,0
LVBW866,0
LVBW830,0
LVBW854,0
LVBW840,0
LVBW838,0
LVBW837,0
LVBW836,0
LVBW834,0
LVBW833,0
LVBW1888,0
LVBW1885,0
ECK330,0
LVBD2253,0
LVBD1880,0
LVBD1843,0
LVBD1842,0
LVBD1841,0
LVBD1828,0
LVBD1822,0
LVBD1813,0
LVBD1804,0
LVBD1792,0
LVBD1786,0
LVBD1785,0
LVBD1779,0
LVBD1756,0
LVBD1748,0
LVBD1746,0
LVBD1741,0
LVBD1736,0
LVBD1881,0
LVBD1898,0
LVBD1899,0
LVBD2046,0
LVBD215Z,0
LVBD2119,0
LVBD2115,0
LVBD2109,0
LVBD2084,0
LVBD2076,0
LVBD2057,0
LVBD2008,0
LVBD1914,0
LVBD1975,0
LVBD1955,0
LVBD1952,0
LVBD1951,0
LVBD1950,0
LVBD1936,0
LVBD1931,0
LVBD1733,0
LVBD1729,0
LVBD1726,0
LVBD1529,0
LVBD1593,0
LVBD1592,0
LVBD1579,0
LVBD1569,0
LVBD1559,0
LVBD1558,0
LVBD1553,0
LVBD1526,0
LVBD1624,0
LVBD1518,0
LVBD1503,0
LVBD1414Z,0
LVBD1408Z,0
LVBD1406,0
LVBD1353Z,0
LVBD1345Z,0
LVBD1604,0
LVBD1626,0
LVBD1721,0
LVBD1683,0
LVBD1711,0
LVBD1708,0
LVBD1700,0
LVBD1696,0
LVBD1695,0
LVBD1693,0
LVBD1685,0
LVBD1678,0
LVBD1628,0
LVBD1667,0
LVBD1656,0
LVBD1655,0
LVBD1651,0
LVBD1648,0
LVBD1632,0
LVBD1631,0
LVBD2248,0
LVBD2304,0
LVBK1772,0
LVBD534Z,0
LVBK1695,0
LVBK1694,0
LVBK1691,0
LVBK1686,0
LVBK1681,0
LVBK1677,0
LVBK1674,0
LVBK1662,0
LVBK1658,0
LVBK1656,0
LVBK1652,0
LVBK1650,0
LVBK1648,0
LVBK1647,0
LVBK1646,0
LVBK1645,0
LVBK1642,0
LVBK1696,0
LVBK1698,0
LVBK1706,0
LVBK1750,0
LVBK1767,0
LVBK1765,0
LVBK1761,0
LVBK1758,0
LVBK1757,0
LVBK1756,0
LVBK1751,0
LVBK1745,0
LVBK1708,0
LVBK1740,0
LVBK1733,0
LVBK1729,0
LVBK1725,0
LVBK1718,0
LVBK1715,0
LVBK1710,0
LVBK1638,0
LVBK1629,0
LVBK1627,0
LVBE250Z,0
LVBE706,0
LVBE377Z,0
LVBE375,0
LVBE353Z,0
LVBE345Z,0
LVBE326Z,0
LVBE265,0
LVBE244Z,0
LVBK1571,0
LVBE243Z,0
LVBE229Z,0
LVBE223,0
LVBE185Z,0
LVBD829,0
LVBD803Z,0
LVBD754,0
LVBK1569,0
LVBK1575,0
LVBK1626,0
LVBK1612,0
LVBK1624,0
LVBK1621,0
LVBK1620,0
LVBK1618,0
LVBK1616,0
LVBK1615,0
LVBK1614,0
LVBK1606,0
LVBK1576,0
LVBK1597,0
LVBK1596,0
LVBK1595,0
LVBK1592,0
LVBK1585,0
LVBK1583,0
LVBK1579,0
LVBD1341Z,0
LVBD1328Z,0
LVBD1310,0
LVBD1309,0
EFF291,0
EFF222,0
EFF178,0
EFF164,0
EFF144,0
EFF023,0
ECK488,0
ECK486,0
ECK470,0
ECK457,0
ECK451,0
ECK449,0
ECK448,0
ECK445,0
ECK435,0
ECK431F,0
ECK429,0
EFF307D,0
EFF312D,0
EFF315D,0
EFF378D,0
EKF288,0
EKF271A,0
EKF236,0
EKF234,0
EKF204,0
EKF122A,0
EKF118,0
EFF377D,0
EFF319D,0
EFF371D,0
EFF367D,0
EFF360D,0
EFF333D,0
EFF331D,0
EFF329D,0
EFF321D,0
ECK428,0
ECK426,0
ECK425,0
ECK354,0
ECK367F,0
ECK366F,0
ECK365,0
ECK363F,0
ECK361,0
ECK357,0
ECK356,0
ECK353,0
ECK368F,0
ECK352,0
ECK348,0
ECK345,0
ECK342,0
ECK340,0
ECK334,0
ECK333,0
ECK368-SK,0
ECK372F,0
ECK422,0
ECK400,0
ECK415,0
ECK414,0
ECK412,0
ECK411,0
ECK410,0
ECK407,0
ECK403,0
ECK399,0
ECK377-SK,0
ECK391,0
ECK389,0
ECK388-CS21,0
ECK388,0
ECK383,0
ECK380,0
ECK377F,0
EKF288A,0
EKF319,0
EKF339A,0
LVAB571,0
LVBD1032Z,0
LVAB812,0
LVAB751,0
LVAB733,0
LVAB730,0
LVAB711,0
LVAB666,0
LVAB539,0
LVBD1075,0
LVAB442,0
LVAB224,0
LVAB116,0
LVAB101,0
LDRL914,0
EWP507,0
EWP478V,0
LVBD1066,0
LVBD1081Z,0
EWP458,0
LVBD1226Z,0
LVBD1308Z,0
LVBD1307Z,0
LVBD1295Z,0
LVBD1294Z,0
LVBD1251Z,0
LVBD1250Z,0
LVBD1249Z,0
LVBD1219Z,0
LVBD1090Z,0
LVBD1214Z,0
LVBD1182,0
LVBD1181Z,0
LVBD1132Z,0
LVBD1125Z,0
LVBD1110Z,0
LVBD1091Z,0
EWP459,0
EWP455,0
EKF343,0
EKF455,0
EOF042,0
EOF041,0
EOF025,0
EOF020,0
EOF017,0
EOF002,0
EKF456,0
EKF448,0
EOF092,0
EKF435A,0
EKF409A-2,0
EKF397A-2,0
EKF390-2,0
EKF374,0
EKF363,0
EKF356-2,0
EOF087,0
EOF103,0
EWP393,0
EOF253,0
EWP338,0
EWP140,0
EWP127,0
EWP086,0
EOF293,0
EOF264,0
EOF260,0
EOF251,0
EOF165,0
EOF227,0
EOF214,0
EOF206,0
EOF201,0
EOF186,0
EOF180,0
EOF167,0
LVBK1769,0
LVBK1774,0
LVBW1884,0
LVBW1787,0
LVBW1747,0
LVBW1744,0
LVBW1743,0
LVBW1742,0
LVBW1736,0
LVBW1735,0
LVBW1734,0
LVBW1732,0
LVBW1728,0
LVBW1727,0
LVBW1726,0
LVBW1722,0
LVBW1721,0
LVBW1719,0
LVBW1718,0
LVBW1716,0
LVBW1713,0
LVBW1748,0
LVBW1749,0
LVBW1751,0
LVBW1771,0
LVBW1785,0
LVBW1784,0
LVBW1783,0
LVBW1782,0
LVBW1779,0
LVBW1778,0
LVBW1773,0
LVBW1768,0
LVBW1752,0
LVBW1766,0
LVBW1762,0
LVBW1761,0
LVBW1760,0
LVBW1759,0
LVBW1755,0
LVBW1754,0
LVBW1711,0
LVBW1710,0
LVBW1709,0
LVBW1662,0
LVBW1671,0
LVBW1670,0
LVBW167,0
LVBW1669,0
LVBW1668,0
LVBW1665,0
LVBW1664,0
LVBW1660,0
LVBW1673,0
LVBW1659,0
LVBW1657,0
LVBW1655,0
LVBW1653,0
LVBW1652,0
LVBW1650,0
LVBW1647,0
LVBW1672,0
LVBW1675,0
LVBW1707,0
LVBW1691,0
LVBW1705,0
LVBW1703,0
LVBW1700,0
LVBW1695,0
LVBW1694,0
LVBW1693,0
LVBW1692,0
LVBW1690,0
LVBW1677,0
LVBW1689,0
LVBW1687,0
LVBW1686,0
LVBW1685,0
LVBW1682,0
LVBW1680,0
LVBW1679,0
LVBW1786,0
LVBW1788,0
LVBK1776,0
LVBW1789,0
LVBW1861,0
LVBW1860,0
LVBW1859,0
LVBW1858,0
LVBW1857,0
LVBW1856,0
LVBW1855,0
LVBW1854,0
LVBW1853,0
LVBW1852,0
LVBW1851,0
LVBW1850,0
LVBW1849,0
LVBW1848,0
LVBW1847,0
LVBW1845,0
LVBW1844,0
LVBW1862,0
LVBW1863,0
LVBW1864,0
LVBW1875,0
LVBW1883,0
LVBW1882,0
LVBW1881,0
LVBW1880,0
LVBW1879,0
LVBW1877,0
LVBW1876,0
LVBW1874,0
LVBW1865,0
LVBW1873,0
LVBW1871,0
LVBW1870,0
LVBW1869,0
LVBW1868,0
LVBW1867,0
LVBW1866,0
LVBW1843,0
LVBW1841,0
LVBW1840,0
LVBW1807,0
LVBW1814,0
LVBW1813,0
LVBW1812,0
LVBW1811,0
LVBW1810,0
LVBW1809,0
LVBW1808,0
LVBW1806,0
LVBW1817,0
LVBW1804,0
LVBW1803,0
LVBW1802,0
LVBW1801,0
LVBW1800,0
LVBW18,0
LVBW1790,0
LVBW1816,0
LVBW1818,0
LVBW1839,0
LVBW1831,0
LVBW1838,0
LVBW1837,0
LVBW1836,0
LVBW1835,0
LVBW1834,0
LVBW1833,0
LVBW1832,0
LVBW1830,0
LVBW1819,0
LVBW1829,0
LVBW1828,0
LVBW1827,0
LVBW1824,0
LVBW1822,0
LVBW1821,0
LVBW1820,0
LVBW1644,0
LVBW1643,0
LVBW1642,0
LVBW1641,0
LVBW1212,0
LVBW1211,0
LVBW1210,0
LVBW1209,0
LVBW1204,0
LVBW12,0
LVBW1183,0
LVBW1182,0
LVBW1179,0
LVBW1178,0
LVBW1177,0
LVBW1176,0
LVBW1173,0
LVBW1165,0
LVBW1151,0
LVBW1148,0
LVBW1140,0
LVBW1213,0
LVBW1216,0
LVBW1218,0
LVBW1233,0
LVBW1249,0
LVBW1243,0
LVBW1242,0
LVBW1241,0
LVBW1239,0
LVBW1236,0
LVBW1235,0
LVBW1232,0
LVBW1220,0
LVBW1231,0
LVBW1229,0
LVBW1228,0
LVBW1225,0
LVBW1224,0
LVBW1223,0
LVBW1221,0
LVBW1132,0
LVBW1127,0
LVBW1115,0
LVBW1005,0
LVBW1021,0
LVBW1020,0
LVBW1019,0
LVBW1018,0
LVBW1016,0
LVBW1011,0
LVBW1008,0
LVBS840,0
LVBW1025,0
LVBS839,0
LVBS832,0
LVBS827,0
LVBS811,0
LVBS805,0
LVBS795,0
LVBK1781,0
LVBW1022,0
LVBW1026,0
LVBW1113,0
LVBW1076,0
LVBW1105,0
LVBW1104,0
LVBW1102,0
LVBW1101,0
LVBW1087,0
LVBW1083,0
LVBW1077,0
LVBW1068,0
LVBW1030,0
LVBW1067,0
LVBW1062,0
LVBW1045,0
LVBW1040,0
LVBW1035,0
LVBW1033,0
LVBW1031,0
LVBW1250,0
LVBW1252,0
LVBW1253,0
LVBW1586,0
LVBW16,0
LVBW1598,0
LVBW1595,0
LVBW1594,0
LVBW1593,0
LVBW1591,0
LVBW1589,0
LVBW1585,0
LVBW1601,0
LVBW1584,0
LVBW1582,0
LVBW1580,0
LVBW1577,0
LVBW1576,0
LVBW1574,0
LVBW1573,0
LVBW1600,0
LVBW1602,0
LVBW1568,0
LVBW1628,0
LVBW1637,0
LVBW1634,0
LVBW1633,0
LVBW1632,0
LVBW1631,0
LVBW1630,0
LVBW1629,0
LVBW1623,0
LVBW1605,0
LVBW1622,0
LVBW1621,0
LVBW1619,0
LVBW1612,0
LVBW1611,0
LVBW1609,0
LVBW1608,0
LVBW1570,0
LVBW14,0
LVBW1255,0
LVBW1293,0
LVBW1308,0
LVBW1306,0
LVBW1304,0
LVBW1303,0
LVBW1302,0
LVBW1298,0
LVBW1296,0
LVBW1285,0
LVBW1315,0
LVBW1270,0
LVBW1269,0
LVBW1267,0
LVBW1263,0
LVBW1262,0
LVBW1260,0
LVBW1258,0
LVBW1314,0
LVBW1317,0
LVBW1359,0
LVBW1338,0
LVBW1358,0
LVBW1352,0
LVBW1351,0
LVBW1344,0
LVBW1343,0
LVBW1342,0
LVBW1339,0
LVBW1337,0
LVBW1322,0
LVBW1336,0
LVBW1334,0
LVBW1333,0
LVBW1331,0
LVBW1328,0
LVBW1327,0
LVBW1326,0
WP497,0
